-- Backup l?gico de estoque_cinema
CREATE DATABASE IF NOT EXISTS `estoque_cinema` CHARACTER SET utf8mb4 COLLATE utf8mb4_unicode_ci;
USE `estoque_cinema`;

SET FOREIGN_KEY_CHECKS = 0;

DROP TABLE IF EXISTS `alertas_estoque`;
CREATE TABLE `alertas_estoque` (
  `id` int(11) NOT NULL AUTO_INCREMENT,
  `produto_id` int(11) DEFAULT NULL,
  `tipo` enum('baixo_estoque') DEFAULT NULL,
  `resolvido` tinyint(1) DEFAULT 0,
  `criado_em` datetime DEFAULT current_timestamp(),
  `estoque_id` int(11) NOT NULL,
  PRIMARY KEY (`id`),
  KEY `produto_id` (`produto_id`),
  KEY `idx_alertas_estoque_estoque_produto` (`estoque_id`,`produto_id`,`resolvido`),
  CONSTRAINT `alertas_estoque_ibfk_1` FOREIGN KEY (`produto_id`) REFERENCES `produtos` (`id`),
  CONSTRAINT `fk_alerta_estoque` FOREIGN KEY (`estoque_id`) REFERENCES `estoques` (`id`)
) ENGINE=InnoDB AUTO_INCREMENT=72 DEFAULT CHARSET=utf8mb4 COLLATE=utf8mb4_general_ci;

INSERT INTO `alertas_estoque` (`id`, `produto_id`, `tipo`, `resolvido`, `criado_em`, `estoque_id`) VALUES
(1, 1, 'baixo_estoque', 0, '2026-05-19 22:00:00', 1),
(2, 2, 'baixo_estoque', 0, '2026-05-19 22:00:00', 1),
(3, 3, 'baixo_estoque', 0, '2026-05-19 22:00:00', 1),
(4, 4, 'baixo_estoque', 0, '2026-05-19 22:00:00', 1),
(5, 5, 'baixo_estoque', 0, '2026-05-19 22:00:00', 1),
(6, 6, 'baixo_estoque', 0, '2026-05-19 22:00:00', 1),
(7, 7, 'baixo_estoque', 0, '2026-05-19 22:00:00', 1),
(8, 8, 'baixo_estoque', 0, '2026-05-19 22:00:00', 1),
(9, 9, 'baixo_estoque', 0, '2026-05-19 22:00:00', 1),
(10, 10, 'baixo_estoque', 0, '2026-05-19 22:00:00', 1),
(11, 11, 'baixo_estoque', 0, '2026-05-19 22:00:00', 1),
(12, 12, 'baixo_estoque', 0, '2026-05-19 22:00:00', 1),
(13, 13, 'baixo_estoque', 0, '2026-05-19 22:00:00', 1),
(14, 14, 'baixo_estoque', 0, '2026-05-19 22:00:00', 1),
(15, 15, 'baixo_estoque', 0, '2026-05-19 22:00:00', 1),
(16, 16, 'baixo_estoque', 0, '2026-05-19 22:00:00', 1),
(17, 17, 'baixo_estoque', 0, '2026-05-19 22:00:00', 1),
(18, 18, 'baixo_estoque', 0, '2026-05-19 22:00:00', 1),
(19, 19, 'baixo_estoque', 0, '2026-05-19 22:00:00', 1),
(20, 20, 'baixo_estoque', 0, '2026-05-19 22:00:00', 1),
(21, 21, 'baixo_estoque', 0, '2026-05-19 22:00:00', 1),
(22, 22, 'baixo_estoque', 0, '2026-05-19 22:00:00', 1),
(23, 23, 'baixo_estoque', 0, '2026-05-19 22:00:00', 1),
(24, 24, 'baixo_estoque', 0, '2026-05-19 22:00:00', 1),
(25, 25, 'baixo_estoque', 0, '2026-05-19 22:00:00', 1),
(26, 26, 'baixo_estoque', 0, '2026-05-19 22:00:00', 1),
(27, 27, 'baixo_estoque', 0, '2026-05-19 22:00:00', 1),
(28, 28, 'baixo_estoque', 0, '2026-05-19 22:00:00', 1),
(29, 29, 'baixo_estoque', 0, '2026-05-19 22:00:00', 1),
(30, 30, 'baixo_estoque', 0, '2026-05-19 22:00:00', 1),
(31, 31, 'baixo_estoque', 0, '2026-05-19 22:00:00', 1),
(32, 32, 'baixo_estoque', 0, '2026-05-19 22:00:00', 1),
(33, 33, 'baixo_estoque', 0, '2026-05-19 22:00:00', 1),
(34, 34, 'baixo_estoque', 0, '2026-05-19 22:00:00', 1),
(35, 35, 'baixo_estoque', 0, '2026-05-19 22:00:00', 1),
(36, 36, 'baixo_estoque', 0, '2026-05-19 22:00:00', 1),
(37, 37, 'baixo_estoque', 0, '2026-05-19 22:00:00', 1),
(38, 38, 'baixo_estoque', 0, '2026-05-19 22:00:00', 1),
(39, 39, 'baixo_estoque', 0, '2026-05-19 22:00:00', 1),
(40, 40, 'baixo_estoque', 0, '2026-05-19 22:00:00', 1),
(41, 41, 'baixo_estoque', 0, '2026-05-19 22:00:00', 1),
(42, 42, 'baixo_estoque', 0, '2026-05-19 22:00:00', 1),
(43, 43, 'baixo_estoque', 0, '2026-05-19 22:00:00', 1),
(44, 44, 'baixo_estoque', 0, '2026-05-19 22:00:00', 1),
(45, 45, 'baixo_estoque', 0, '2026-05-19 22:00:00', 1),
(46, 46, 'baixo_estoque', 0, '2026-05-19 22:00:00', 1),
(47, 47, 'baixo_estoque', 0, '2026-05-19 22:00:00', 1),
(48, 48, 'baixo_estoque', 0, '2026-05-19 22:00:00', 1),
(49, 49, 'baixo_estoque', 0, '2026-05-19 22:00:00', 1),
(50, 50, 'baixo_estoque', 0, '2026-05-19 22:00:00', 1),
(51, 64, 'baixo_estoque', 0, '2026-05-22 12:40:46', 3),
(52, 63, 'baixo_estoque', 0, '2026-05-22 23:55:48', 3),
(53, 82, 'baixo_estoque', 0, '2026-05-26 20:31:58', 1),
(54, 51, 'baixo_estoque', 0, '2026-06-02 22:32:39', 1),
(55, 52, 'baixo_estoque', 0, '2026-06-02 22:32:39', 1),
(56, 53, 'baixo_estoque', 0, '2026-06-02 22:32:39', 1),
(57, 54, 'baixo_estoque', 0, '2026-06-02 22:32:39', 1),
(58, 55, 'baixo_estoque', 0, '2026-06-02 22:32:39', 1),
(59, 56, 'baixo_estoque', 0, '2026-06-02 22:32:39', 2),
(60, 57, 'baixo_estoque', 0, '2026-06-02 22:32:39', 2),
(61, 58, 'baixo_estoque', 0, '2026-06-02 22:32:39', 2),
(62, 59, 'baixo_estoque', 0, '2026-06-02 22:32:39', 2),
(63, 60, 'baixo_estoque', 0, '2026-06-02 22:32:39', 2),
(64, 61, 'baixo_estoque', 0, '2026-06-02 22:32:39', 2),
(65, 62, 'baixo_estoque', 0, '2026-06-02 22:32:39', 2),
(66, 65, 'baixo_estoque', 0, '2026-06-02 22:32:39', 3),
(67, 66, 'baixo_estoque', 0, '2026-06-02 22:32:39', 3),
(68, 67, 'baixo_estoque', 0, '2026-06-02 22:32:39', 3),
(69, 68, 'baixo_estoque', 0, '2026-06-02 22:32:39', 3),
(70, 69, 'baixo_estoque', 0, '2026-06-02 22:32:39', 3),
(71, 70, 'baixo_estoque', 0, '2026-06-02 22:32:39', 3);

DROP TABLE IF EXISTS `categorias`;
CREATE TABLE `categorias` (
  `id` int(11) NOT NULL AUTO_INCREMENT,
  `nome` varchar(100) NOT NULL,
  `exige_validade` tinyint(1) NOT NULL DEFAULT 0,
  PRIMARY KEY (`id`)
) ENGINE=InnoDB AUTO_INCREMENT=16 DEFAULT CHARSET=utf8mb4 COLLATE=utf8mb4_general_ci;

INSERT INTO `categorias` (`id`, `nome`, `exige_validade`) VALUES
(1, 'Refrigerantes', 1),
(2, 'Aguas', 1),
(3, 'Sucos', 1),
(4, 'Chocolates', 1),
(5, 'Snacks', 1),
(6, 'Pipocas', 1),
(7, 'Sorvetes', 1),
(8, 'Congelados', 1),
(9, 'Produtos VIP', 1),
(10, 'Limpeza', 1),
(11, 'Descartaveis', 0),
(12, 'Brindes', 0),
(13, 'Embalagens', 0),
(14, 'Materiais Operacionais', 0),
(15, 'Itens de consumo', 1);

DROP TABLE IF EXISTS `conferencia_estoque_itens`;
CREATE TABLE `conferencia_estoque_itens` (
  `id` int(11) NOT NULL AUTO_INCREMENT,
  `conferencia_id` int(11) NOT NULL,
  `estoque_id` int(11) NOT NULL,
  `produto_id` int(11) NOT NULL,
  `codigo_barras` varchar(50) DEFAULT NULL,
  `produto_nome` varchar(150) NOT NULL,
  `quantidade_sistema` decimal(10,2) NOT NULL DEFAULT 0.00,
  `quantidade_contada` decimal(10,2) NOT NULL DEFAULT 0.00,
  `diferenca` decimal(10,2) NOT NULL DEFAULT 0.00,
  `status` enum('ok','falta','sobra') NOT NULL DEFAULT 'ok',
  `criado_em` datetime DEFAULT current_timestamp(),
  `atualizado_em` datetime DEFAULT current_timestamp() ON UPDATE current_timestamp(),
  PRIMARY KEY (`id`),
  UNIQUE KEY `unique_conferencia_estoque_produto` (`conferencia_id`,`estoque_id`,`produto_id`),
  KEY `idx_conf_itens_conferencia` (`conferencia_id`),
  KEY `idx_conf_itens_estoque` (`estoque_id`),
  KEY `idx_conf_itens_produto` (`produto_id`),
  KEY `idx_conf_itens_status` (`status`),
  CONSTRAINT `fk_conf_itens_conferencia` FOREIGN KEY (`conferencia_id`) REFERENCES `conferencias_estoque` (`id`) ON DELETE CASCADE,
  CONSTRAINT `fk_conf_itens_estoque` FOREIGN KEY (`estoque_id`) REFERENCES `estoques` (`id`),
  CONSTRAINT `fk_conf_itens_produto` FOREIGN KEY (`produto_id`) REFERENCES `produtos` (`id`)
) ENGINE=InnoDB AUTO_INCREMENT=6 DEFAULT CHARSET=utf8mb4 COLLATE=utf8mb4_general_ci;

INSERT INTO `conferencia_estoque_itens` (`id`, `conferencia_id`, `estoque_id`, `produto_id`, `codigo_barras`, `produto_nome`, `quantidade_sistema`, `quantidade_contada`, `diferenca`, `status`, `criado_em`, `atualizado_em`) VALUES
(1, 1, 3, 66, '7891000800665', 'Alcool 70% 1L', '158.00', '158.00', '0.00', 'ok', '2026-05-22 12:51:10', '2026-05-22 12:51:33'),
(2, 2, 3, 101, '7897254111322', 'aqua fluid', '45.00', '40.00', '-5.00', 'falta', '2026-05-22 23:43:00', '2026-05-22 23:43:18'),
(3, 3, 1, 82, '7891001000823', 'Balde Minecraft', '0.00', '0.00', '0.00', 'ok', '2026-05-26 20:32:35', '2026-05-26 20:32:35'),
(4, 4, 1, 102, '7896102000122', 'Ketchup', '19.00', '15.00', '-4.00', 'falta', '2026-06-04 22:34:54', '2026-06-04 22:35:15'),
(5, 3, 1, 102, '7896102000122', 'Ketchup', '19.00', '15.00', '-4.00', 'falta', '2026-06-04 22:39:54', '2026-06-04 22:39:54');

DROP TABLE IF EXISTS `conferencias_estoque`;
CREATE TABLE `conferencias_estoque` (
  `id` int(11) NOT NULL AUTO_INCREMENT,
  `estoque_id` int(11) DEFAULT NULL,
  `usuario_id` int(11) DEFAULT NULL,
  `usuario_nome` varchar(100) DEFAULT NULL,
  `status` enum('aberta','finalizada') NOT NULL DEFAULT 'aberta',
  `observacao` text DEFAULT NULL,
  `criado_em` datetime DEFAULT current_timestamp(),
  `atualizado_em` datetime DEFAULT current_timestamp() ON UPDATE current_timestamp(),
  `finalizado_em` datetime DEFAULT NULL,
  PRIMARY KEY (`id`),
  KEY `idx_conferencias_estoque` (`estoque_id`),
  KEY `idx_conferencias_usuario` (`usuario_id`),
  KEY `idx_conferencias_status` (`status`),
  KEY `idx_conferencias_criado_em` (`criado_em`),
  CONSTRAINT `fk_conferencias_estoque` FOREIGN KEY (`estoque_id`) REFERENCES `estoques` (`id`) ON DELETE SET NULL,
  CONSTRAINT `fk_conferencias_usuario` FOREIGN KEY (`usuario_id`) REFERENCES `usuarios` (`id`) ON DELETE SET NULL
) ENGINE=InnoDB AUTO_INCREMENT=5 DEFAULT CHARSET=utf8mb4 COLLATE=utf8mb4_general_ci;

INSERT INTO `conferencias_estoque` (`id`, `estoque_id`, `usuario_id`, `usuario_nome`, `status`, `observacao`, `criado_em`, `atualizado_em`, `finalizado_em`) VALUES
(1, NULL, 2, 'João Victor', 'finalizada', NULL, '2026-05-22 12:50:45', '2026-05-22 12:51:59', '2026-05-22 12:51:59'),
(2, 3, 2, 'João Victor', 'finalizada', NULL, '2026-05-22 23:42:34', '2026-05-22 23:45:32', '2026-05-22 23:45:32'),
(3, 1, 2, 'João Victor', 'aberta', NULL, '2026-05-26 20:32:22', '2026-06-04 22:39:56', NULL),
(4, 1, 2, 'João Victor', 'finalizada', NULL, '2026-06-04 22:34:36', '2026-06-04 22:37:06', '2026-06-04 22:37:06');

DROP TABLE IF EXISTS `configuracoes_sistema`;
CREATE TABLE `configuracoes_sistema` (
  `id` int(11) NOT NULL AUTO_INCREMENT,
  `chave` varchar(100) NOT NULL,
  `valor` text DEFAULT NULL,
  `tipo` enum('string','number','boolean','json') NOT NULL DEFAULT 'string',
  `categoria` enum('setup','aparencia','empresa','estoque','validade','movimentacao','desperdicio','inventario','seguranca','permissoes','sistema') NOT NULL DEFAULT 'sistema',
  `nivel_acesso` enum('admin','master') NOT NULL DEFAULT 'master',
  `descricao` varchar(255) DEFAULT NULL,
  `atualizado_por` int(11) DEFAULT NULL,
  `atualizado_em` datetime DEFAULT current_timestamp() ON UPDATE current_timestamp(),
  PRIMARY KEY (`id`),
  UNIQUE KEY `chave` (`chave`),
  KEY `fk_config_sistema_usuario` (`atualizado_por`),
  CONSTRAINT `fk_config_sistema_usuario` FOREIGN KEY (`atualizado_por`) REFERENCES `usuarios` (`id`) ON DELETE SET NULL
) ENGINE=InnoDB AUTO_INCREMENT=27 DEFAULT CHARSET=utf8mb4 COLLATE=utf8mb4_general_ci;

INSERT INTO `configuracoes_sistema` (`id`, `chave`, `valor`, `tipo`, `categoria`, `nivel_acesso`, `descricao`, `atualizado_por`, `atualizado_em`) VALUES
(1, 'nome_empresa', 'Cinépolis', 'string', 'empresa', 'master', NULL, 1, '2026-05-22 03:31:54'),
(2, 'unidade_empresa', 'Estação Cuiaba', 'string', 'empresa', 'master', NULL, 1, '2026-05-22 03:31:54'),
(3, 'cnpj_empresa', '00000000', 'string', 'empresa', 'master', NULL, 1, '2026-05-22 03:31:54'),
(4, 'cidade_empresa', 'Cuiabá, MT', 'string', 'empresa', 'master', NULL, 1, '2026-05-22 03:31:54'),
(5, 'uf_empresa', '', 'string', 'empresa', 'master', NULL, 1, '2026-05-22 03:31:54'),
(6, 'endereco_empresa', 'Rua Salinas, 70', 'string', 'empresa', 'master', NULL, 1, '2026-05-22 03:31:54'),
(7, 'telefone_empresa', '67984492124', 'string', 'empresa', 'master', NULL, 1, '2026-05-22 03:31:54'),
(8, 'email_empresa', '', 'string', 'empresa', 'master', NULL, 1, '2026-05-22 03:31:54'),
(9, 'logo_url', '', 'string', 'empresa', 'master', NULL, 1, '2026-05-22 03:31:54'),
(10, 'nome_sistema', 'Zyntra Inventory', 'string', 'sistema', 'admin', NULL, 1, '2026-05-22 03:31:54'),
(11, 'tema_padrao', 'light', 'string', 'sistema', 'admin', NULL, 2, '2026-06-16 18:19:00'),
(12, 'dias_alerta_validade', '7', 'number', 'sistema', 'master', NULL, 1, '2026-05-22 03:31:54'),
(13, 'permitir_estoque_negativo', 'false', 'boolean', 'sistema', 'master', NULL, 1, '2026-05-22 03:31:54'),
(14, 'bloquear_saida_produto_vencido', 'true', 'boolean', 'sistema', 'master', NULL, 1, '2026-05-22 03:31:54'),
(15, 'registrar_vencido_ao_tentar_retirar', 'true', 'boolean', 'sistema', 'master', NULL, 1, '2026-05-22 03:31:54'),
(16, 'permitir_ignorar_fefo', 'true', 'boolean', 'sistema', 'master', NULL, 1, '2026-05-22 03:31:54'),
(17, 'exigir_justificativa_fefo', 'true', 'boolean', 'sistema', 'master', NULL, 1, '2026-05-22 03:31:54'),
(18, 'criar_estoques_iniciais_setup', 'true', 'boolean', 'setup', 'master', NULL, 1, '2026-05-22 03:31:54'),
(19, 'nomes_estoques_iniciais', '["Estoque Principal","Estoque VIP","Estoque Limpeza"]', 'json', 'setup', 'master', NULL, 1, '2026-05-22 03:31:54'),
(20, 'setup_concluido', 'true', 'boolean', 'setup', 'master', NULL, 1, '2026-05-22 03:31:54'),
(21, 'setup_data_conclusao', '2026-05-22T03:31:54.379Z', 'string', 'setup', 'master', NULL, 1, '2026-05-22 03:31:54'),
(22, 'alertas_estoque_baixo', 'true', 'boolean', 'estoque', 'admin', NULL, 2, '2026-06-16 18:19:00'),
(23, 'bloquear_retirada_sem_estoque', 'true', 'boolean', 'estoque', 'admin', NULL, 2, '2026-06-16 18:19:00'),
(24, 'email_diario_movimentacoes', 'false', 'boolean', '', 'admin', NULL, 2, '2026-06-16 18:19:00'),
(25, 'resumo_semanal_inventario', 'true', 'boolean', '', 'admin', NULL, 2, '2026-06-16 18:19:00'),
(26, 'exigir_senha_movimentacao', 'false', 'boolean', 'seguranca', 'admin', NULL, 3, '2026-06-16 18:40:44');

DROP TABLE IF EXISTS `configuracoes_usuario`;
CREATE TABLE `configuracoes_usuario` (
  `id` int(11) NOT NULL AUTO_INCREMENT,
  `usuario_id` int(11) NOT NULL,
  `chave` varchar(100) NOT NULL,
  `valor` text DEFAULT NULL,
  `tipo` enum('string','number','boolean','json') NOT NULL DEFAULT 'string',
  `descricao` varchar(255) DEFAULT NULL,
  `atualizado_em` datetime DEFAULT current_timestamp() ON UPDATE current_timestamp(),
  PRIMARY KEY (`id`),
  UNIQUE KEY `unique_usuario_config` (`usuario_id`,`chave`),
  CONSTRAINT `fk_config_usuario_usuario` FOREIGN KEY (`usuario_id`) REFERENCES `usuarios` (`id`) ON DELETE CASCADE
) ENGINE=InnoDB DEFAULT CHARSET=utf8mb4 COLLATE=utf8mb4_general_ci;

DROP TABLE IF EXISTS `desperdicios`;
CREATE TABLE `desperdicios` (
  `id` int(11) NOT NULL AUTO_INCREMENT,
  `estoque_id` int(11) NOT NULL,
  `produto_id` int(11) NOT NULL,
  `lote_id` int(11) DEFAULT NULL,
  `lote_codigo` varchar(100) DEFAULT NULL,
  `usuario_id` int(11) NOT NULL,
  `motivo_id` int(11) NOT NULL,
  `quantidade` decimal(10,2) NOT NULL,
  `estoque_antes` decimal(10,2) DEFAULT NULL,
  `estoque_depois` decimal(10,2) DEFAULT NULL,
  `valor_unitario` decimal(10,2) DEFAULT NULL,
  `valor_total` decimal(10,2) DEFAULT NULL,
  `criado_em` datetime DEFAULT current_timestamp(),
  PRIMARY KEY (`id`),
  KEY `fk_desperdicio_usuario` (`usuario_id`),
  KEY `idx_desperdicios_estoque_data` (`estoque_id`,`criado_em`),
  KEY `idx_desperdicios_produto` (`produto_id`),
  KEY `idx_desperdicios_motivo` (`motivo_id`),
  KEY `fk_desperdicio_lote` (`lote_id`),
  CONSTRAINT `fk_desperdicio_estoque` FOREIGN KEY (`estoque_id`) REFERENCES `estoques` (`id`),
  CONSTRAINT `fk_desperdicio_lote` FOREIGN KEY (`lote_id`) REFERENCES `produto_lotes` (`id`),
  CONSTRAINT `fk_desperdicio_motivo` FOREIGN KEY (`motivo_id`) REFERENCES `motivos_desperdicio` (`id`),
  CONSTRAINT `fk_desperdicio_produto` FOREIGN KEY (`produto_id`) REFERENCES `produtos` (`id`),
  CONSTRAINT `fk_desperdicio_usuario` FOREIGN KEY (`usuario_id`) REFERENCES `usuarios` (`id`)
) ENGINE=InnoDB AUTO_INCREMENT=80 DEFAULT CHARSET=utf8mb4 COLLATE=utf8mb4_general_ci;

INSERT INTO `desperdicios` (`id`, `estoque_id`, `produto_id`, `lote_id`, `lote_codigo`, `usuario_id`, `motivo_id`, `quantidade`, `estoque_antes`, `estoque_depois`, `valor_unitario`, `valor_total`, `criado_em`) VALUES
(1, 1, 1, 1, 'LOTE-0001-20260102', 3, 1, '75.00', '75.00', '0.00', '12.00', '900.00', '2026-01-12 13:03:00'),
(2, 1, 2, 2, 'LOTE-0002-20260103', 4, 1, '70.00', '70.00', '0.00', '12.00', '840.00', '2026-01-23 14:06:00'),
(3, 1, 3, 3, 'LOTE-0003-20260104', 5, 1, '75.00', '75.00', '0.00', '11.00', '825.00', '2026-02-03 15:09:00'),
(4, 1, 4, 4, 'LOTE-0004-20260105', 6, 1, '68.00', '68.00', '0.00', '11.00', '748.00', '2026-02-14 16:12:00'),
(5, 1, 5, 5, 'LOTE-0005-20260106', 7, 1, '75.00', '75.00', '0.00', '11.00', '825.00', '2026-02-25 17:15:00'),
(6, 1, 6, 6, 'LOTE-0006-20260107', 8, 1, '66.00', '66.00', '0.00', '11.00', '726.00', '2026-03-08 18:18:00'),
(7, 1, 7, 7, 'LOTE-0007-20260108', 9, 1, '75.00', '75.00', '0.00', '9.00', '675.00', '2026-03-19 19:21:00'),
(8, 1, 8, 8, 'LOTE-0008-20260109', 10, 1, '64.00', '64.00', '0.00', '8.00', '512.00', '2026-03-30 20:24:00'),
(9, 1, 9, 9, 'LOTE-0009-20260110', 2, 1, '75.00', '75.00', '0.00', '8.00', '600.00', '2026-04-10 21:27:00'),
(10, 1, 10, 10, 'LOTE-0010-20260111', 3, 1, '62.00', '62.00', '0.00', '9.00', '558.00', '2026-04-21 12:30:00'),
(11, 1, 11, 11, 'LOTE-0011-20260112', 4, 1, '75.00', '75.00', '0.00', '8.00', '600.00', '2026-05-02 13:33:00'),
(12, 1, 12, 12, 'LOTE-0012-20260113', 5, 1, '60.00', '60.00', '0.00', '8.00', '480.00', '2026-05-13 14:36:00'),
(13, 1, 13, 13, 'LOTE-0013-20260114', 6, 1, '75.00', '75.00', '0.00', '10.00', '750.00', '2026-01-05 15:39:00'),
(14, 1, 14, 14, 'LOTE-0014-20260115', 7, 1, '72.00', '72.00', '0.00', '10.00', '720.00', '2026-01-16 16:42:00'),
(15, 1, 15, 15, 'LOTE-0015-20260116', 8, 1, '75.00', '75.00', '0.00', '10.00', '750.00', '2026-01-27 17:45:00'),
(16, 1, 16, 16, 'LOTE-0016-20260117', 9, 1, '70.00', '70.00', '0.00', '10.00', '700.00', '2026-02-07 18:48:00'),
(17, 1, 17, 17, 'LOTE-0017-20260118', 10, 1, '75.00', '75.00', '0.00', '14.00', '1050.00', '2026-02-18 19:51:00'),
(18, 1, 18, 18, 'LOTE-0018-20260119', 2, 1, '68.00', '68.00', '0.00', '14.00', '952.00', '2026-03-01 20:54:00'),
(19, 1, 19, 19, 'LOTE-0019-20260120', 3, 1, '75.00', '75.00', '0.00', '9.00', '675.00', '2026-03-12 21:57:00'),
(20, 1, 20, 20, 'LOTE-0020-20260121', 4, 1, '66.00', '66.00', '0.00', '9.00', '594.00', '2026-03-23 12:00:00'),
(21, 1, 21, 21, 'LOTE-0021-20260122', 5, 1, '75.00', '75.00', '0.00', '8.00', '600.00', '2026-04-03 13:03:00'),
(22, 1, 22, 22, 'LOTE-0022-20260123', 6, 1, '64.00', '64.00', '0.00', '9.00', '576.00', '2026-04-14 14:06:00'),
(23, 1, 23, 23, 'LOTE-0023-20260124', 7, 1, '75.00', '75.00', '0.00', '9.00', '675.00', '2026-04-25 15:09:00'),
(24, 1, 24, 24, 'LOTE-0024-20260125', 8, 1, '62.00', '62.00', '0.00', '12.00', '744.00', '2026-05-06 16:12:00'),
(25, 1, 25, 25, 'LOTE-0025-20260126', 9, 1, '100.00', '100.00', '0.00', '12.00', '1200.00', '2026-05-17 17:15:00'),
(26, 1, 26, 26, 'LOTE-0026-20260127', 10, 1, '85.00', '85.00', '0.00', '11.00', '935.00', '2026-01-09 18:18:00'),
(27, 1, 27, 27, 'LOTE-0027-20260128', 2, 1, '100.00', '100.00', '0.00', '10.00', '1000.00', '2026-01-20 19:21:00'),
(28, 1, 28, 28, 'LOTE-0028-20260129', 3, 1, '97.00', '97.00', '0.00', '13.00', '1261.00', '2026-01-31 20:24:00'),
(29, 1, 29, 29, 'LOTE-0029-20260130', 4, 1, '100.00', '100.00', '0.00', '16.00', '1600.00', '2026-02-11 21:27:00'),
(30, 1, 30, 30, 'LOTE-0030-20260131', 5, 1, '95.00', '95.00', '0.00', '16.00', '1520.00', '2026-02-22 12:30:00'),
(31, 1, 31, 31, 'LOTE-0031-20260201', 6, 1, '100.00', '100.00', '0.00', '15.00', '1500.00', '2026-03-05 13:33:00'),
(32, 1, 32, 32, 'LOTE-0032-20260202', 7, 1, '93.00', '93.00', '0.00', '12.00', '1116.00', '2026-03-16 14:36:00'),
(33, 1, 33, 33, 'LOTE-0033-20260203', 8, 1, '100.00', '100.00', '0.00', '11.00', '1100.00', '2026-03-27 15:39:00'),
(34, 1, 34, 34, 'LOTE-0034-20260204', 9, 1, '91.00', '91.00', '0.00', '18.00', '1638.00', '2026-04-07 16:42:00'),
(35, 1, 35, 35, 'LOTE-0035-20260205', 10, 1, '100.00', '100.00', '0.00', '10.00', '1000.00', '2026-04-18 17:45:00'),
(36, 1, 36, 36, 'LOTE-0036-20260206', 2, 1, '89.00', '89.00', '0.00', '22.00', '1958.00', '2026-04-29 18:48:00'),
(37, 1, 37, 37, 'LOTE-0037-20260207', 3, 1, '100.00', '100.00', '0.00', '27.00', '2700.00', '2026-05-10 19:51:00'),
(38, 1, 38, 38, 'LOTE-0038-20260208', 4, 1, '87.00', '87.00', '0.00', '32.00', '2784.00', '2026-01-02 20:54:00'),
(39, 1, 39, 39, 'LOTE-0039-20260209', 5, 1, '100.00', '100.00', '0.00', '35.00', '3500.00', '2026-01-13 21:57:00'),
(40, 1, 40, 40, 'LOTE-0040-20260210', 6, 1, '85.00', '85.00', '0.00', '31.00', '2635.00', '2026-01-24 12:00:00'),
(41, 1, 41, 41, 'LOTE-0041-20260211', 7, 1, '100.00', '100.00', '0.00', '36.00', '3600.00', '2026-02-04 13:03:00'),
(42, 1, 42, 42, 'LOTE-0042-20260212', 8, 1, '97.00', '97.00', '0.00', '40.00', '3880.00', '2026-02-15 14:06:00'),
(43, 1, 43, 43, 'LOTE-0043-20260213', 9, 1, '100.00', '100.00', '0.00', '39.00', '3900.00', '2026-02-26 15:09:00'),
(44, 1, 44, 44, 'LOTE-0044-20260214', 10, 1, '95.00', '95.00', '0.00', '44.00', '4180.00', '2026-03-09 16:12:00'),
(45, 1, 45, 45, 'LOTE-0045-20260215', 2, 1, '100.00', '100.00', '0.00', '18.00', '1800.00', '2026-03-20 17:15:00'),
(46, 1, 46, 46, 'LOTE-0046-20260216', 3, 1, '93.00', '93.00', '0.00', '18.00', '1674.00', '2026-03-31 18:18:00'),
(47, 1, 47, 47, 'LOTE-0047-20260217', 4, 1, '100.00', '100.00', '0.00', '15.00', '1500.00', '2026-04-11 19:21:00'),
(48, 1, 48, 48, 'LOTE-0048-20260218', 5, 1, '91.00', '91.00', '0.00', '15.00', '1365.00', '2026-04-22 20:24:00'),
(49, 1, 49, 49, 'LOTE-0049-20260219', 6, 1, '100.00', '100.00', '0.00', '9.00', '900.00', '2026-05-03 21:27:00'),
(50, 1, 50, 50, 'LOTE-0050-20260220', 7, 1, '114.00', '114.00', '0.00', '9.00', '1026.00', '2026-05-14 12:30:00'),
(51, 2, 56, 56, 'LOTE-0056-20260520', 4, 2, '2.00', '122.00', '120.00', '95.00', '190.00', '2026-03-02 15:44:00'),
(52, 3, 63, 63, 'LOTE-0063-20260520', 2, 9, '4.00', '125.00', '121.00', '8.00', '32.00', '2026-05-18 15:12:00'),
(53, 3, 70, 70, 'LOTE-0070-20260520', 9, 8, '1.00', '52.00', '51.00', '45.00', '45.00', '2026-03-17 15:40:00'),
(54, 1, 77, 77, 'LOTE-0077-20261231', 7, 7, '3.00', '80.00', '77.00', '9.00', '27.00', '2026-01-14 15:08:00'),
(55, 1, 84, 84, 'LOTE-0084-20261231', 5, 6, '5.00', '77.00', '72.00', '25.00', '125.00', '2026-04-01 15:36:00'),
(56, 1, 91, 91, 'LOTE-0091-20261231', 3, 5, '2.00', '80.00', '78.00', '10.00', '20.00', '2026-01-29 15:04:00'),
(57, 1, 98, 98, 'LOTE-0098-20261231', 10, 4, '4.00', '77.00', '73.00', '12.00', '48.00', '2026-04-16 15:32:00'),
(58, 3, 64, 64, 'LOTE-0064-20260521', 7, 1, '114.00', '114.00', '0.00', '9.00', '1026.00', '2026-05-22 12:40:46'),
(59, 3, 63, 63, 'LOTE-0063-20260520', 2, 1, '121.00', '121.00', '0.00', '8.00', '968.00', '2026-05-22 23:55:48'),
(60, 1, 51, 51, 'LOTE-0051-20260522', 2, 1, '125.00', '125.00', '0.00', '38.00', '4750.00', '2026-06-02 22:32:39'),
(61, 1, 52, 52, 'LOTE-0052-20260523', 2, 1, '112.00', '112.00', '0.00', '32.00', '3584.00', '2026-06-02 22:32:39'),
(62, 1, 53, 53, 'LOTE-0053-20260524', 2, 1, '125.00', '125.00', '0.00', '42.00', '5250.00', '2026-06-02 22:32:39'),
(63, 1, 54, 54, 'LOTE-0054-20260525', 2, 1, '110.00', '110.00', '0.00', '45.00', '4950.00', '2026-06-02 22:32:39'),
(64, 1, 55, 55, 'LOTE-0055-20260526', 2, 1, '125.00', '125.00', '0.00', '28.00', '3500.00', '2026-06-02 22:32:39'),
(65, 2, 56, 56, 'LOTE-0056-20260520', 2, 1, '120.00', '120.00', '0.00', '95.00', '11400.00', '2026-06-02 22:32:39'),
(66, 2, 57, 57, 'LOTE-0057-20260521', 2, 1, '125.00', '125.00', '0.00', '89.00', '11125.00', '2026-06-02 22:32:39'),
(67, 2, 58, 58, 'LOTE-0058-20260522', 2, 1, '120.00', '120.00', '0.00', '35.00', '4200.00', '2026-06-02 22:32:39'),
(68, 2, 59, 59, 'LOTE-0059-20260523', 2, 1, '125.00', '125.00', '0.00', '42.00', '5250.00', '2026-06-02 22:32:39'),
(69, 2, 60, 60, 'LOTE-0060-20260524', 2, 1, '118.00', '118.00', '0.00', '32.00', '3776.00', '2026-06-02 22:32:39'),
(70, 2, 61, 61, 'LOTE-0061-20260525', 2, 1, '125.00', '125.00', '0.00', '22.00', '2750.00', '2026-06-02 22:32:39'),
(71, 2, 62, 62, 'LOTE-0062-20260526', 2, 1, '116.00', '116.00', '0.00', '18.00', '2088.00', '2026-06-02 22:32:39'),
(72, 3, 65, 65, 'LOTE-0065-20260522', 2, 1, '125.00', '125.00', '0.00', '14.00', '1750.00', '2026-06-02 22:32:39'),
(73, 3, 66, 66, 'LOTE-0066-20260523', 2, 1, '112.00', '158.00', '46.00', '15.00', '1680.00', '2026-06-02 22:32:39'),
(74, 3, 66, 101, '0123456', 2, 1, '46.00', '46.00', '0.00', '15.00', '690.00', '2026-06-02 22:32:39'),
(75, 3, 67, 67, 'LOTE-0067-20260524', 2, 1, '125.00', '125.00', '0.00', '22.00', '2750.00', '2026-06-02 22:32:39'),
(76, 3, 68, 68, 'LOTE-0068-20260525', 2, 1, '110.00', '110.00', '0.00', '12.00', '1320.00', '2026-06-02 22:32:39'),
(77, 3, 69, 69, 'LOTE-0069-20260526', 2, 1, '125.00', '125.00', '0.00', '35.00', '4375.00', '2026-06-02 22:32:39'),
(78, 3, 70, 70, 'LOTE-0070-20260520', 2, 1, '51.00', '51.00', '0.00', '45.00', '2295.00', '2026-06-02 22:32:39'),
(79, 1, 102, 111, '12324', 2, 1, '50.00', '136.00', '86.00', '10.00', '500.00', '2026-06-04 22:48:56');

DROP TABLE IF EXISTS `estoque_produtos`;
CREATE TABLE `estoque_produtos` (
  `id` int(11) NOT NULL AUTO_INCREMENT,
  `estoque_id` int(11) NOT NULL,
  `produto_id` int(11) NOT NULL,
  `estoque_atual` decimal(10,2) DEFAULT 0.00,
  `estoque_minimo` decimal(10,2) DEFAULT 0.00,
  `criado_em` datetime DEFAULT current_timestamp(),
  `data_validade` date DEFAULT NULL,
  PRIMARY KEY (`id`),
  UNIQUE KEY `unique_estoque_produto` (`estoque_id`,`produto_id`),
  UNIQUE KEY `uq_estoque_produtos_estoque_produto` (`estoque_id`,`produto_id`),
  KEY `fk_ep_produto` (`produto_id`),
  KEY `idx_estoque_produtos_estoque` (`estoque_id`),
  CONSTRAINT `fk_ep_estoque` FOREIGN KEY (`estoque_id`) REFERENCES `estoques` (`id`) ON DELETE CASCADE,
  CONSTRAINT `fk_ep_produto` FOREIGN KEY (`produto_id`) REFERENCES `produtos` (`id`) ON DELETE CASCADE
) ENGINE=InnoDB AUTO_INCREMENT=109 DEFAULT CHARSET=utf8mb4 COLLATE=utf8mb4_general_ci;

INSERT INTO `estoque_produtos` (`id`, `estoque_id`, `produto_id`, `estoque_atual`, `estoque_minimo`, `criado_em`, `data_validade`) VALUES
(1, 1, 1, '0.00', '15.00', '2026-01-01 12:00:00', '2026-01-02 04:00:00'),
(2, 1, 2, '0.00', '15.00', '2026-01-01 12:00:00', '2026-01-03 04:00:00'),
(3, 1, 3, '0.00', '15.00', '2026-01-01 12:00:00', '2026-01-04 04:00:00'),
(4, 1, 4, '0.00', '15.00', '2026-01-01 12:00:00', '2026-01-05 04:00:00'),
(5, 1, 5, '0.00', '15.00', '2026-01-01 12:00:00', '2026-01-06 04:00:00'),
(6, 1, 6, '0.00', '15.00', '2026-01-01 12:00:00', '2026-01-07 04:00:00'),
(7, 1, 7, '0.00', '15.00', '2026-01-01 12:00:00', '2026-01-08 04:00:00'),
(8, 1, 8, '0.00', '15.00', '2026-01-01 12:00:00', '2026-01-09 04:00:00'),
(9, 1, 9, '0.00', '15.00', '2026-01-01 12:00:00', '2026-01-10 04:00:00'),
(10, 1, 10, '0.00', '15.00', '2026-01-01 12:00:00', '2026-01-11 04:00:00'),
(11, 1, 11, '10.00', '15.00', '2026-01-01 12:00:00', '2026-01-12 04:00:00'),
(12, 1, 12, '0.00', '15.00', '2026-01-01 12:00:00', '2026-01-13 04:00:00'),
(13, 1, 13, '0.00', '15.00', '2026-01-01 12:00:00', '2026-01-14 04:00:00'),
(14, 1, 14, '0.00', '15.00', '2026-01-01 12:00:00', '2026-01-15 04:00:00'),
(15, 1, 15, '0.00', '15.00', '2026-01-01 12:00:00', '2026-01-16 04:00:00'),
(16, 1, 16, '0.00', '15.00', '2026-01-01 12:00:00', '2026-01-17 04:00:00'),
(17, 1, 17, '0.00', '15.00', '2026-01-01 12:00:00', '2026-01-18 04:00:00'),
(18, 1, 18, '0.00', '15.00', '2026-01-01 12:00:00', '2026-01-19 04:00:00'),
(19, 1, 19, '0.00', '15.00', '2026-01-01 12:00:00', '2026-01-20 04:00:00'),
(20, 1, 20, '0.00', '15.00', '2026-01-01 12:00:00', '2026-01-21 04:00:00'),
(21, 1, 21, '0.00', '15.00', '2026-01-01 12:00:00', '2026-01-22 04:00:00'),
(22, 1, 22, '0.00', '15.00', '2026-01-01 12:00:00', '2026-01-23 04:00:00'),
(23, 1, 23, '0.00', '15.00', '2026-01-01 12:00:00', '2026-01-24 04:00:00'),
(24, 1, 24, '0.00', '15.00', '2026-01-01 12:00:00', '2026-01-25 04:00:00'),
(25, 1, 25, '0.00', '15.00', '2026-01-01 12:00:00', '2026-01-26 04:00:00'),
(26, 1, 26, '0.00', '15.00', '2026-01-01 12:00:00', '2026-01-27 04:00:00'),
(27, 1, 27, '0.00', '15.00', '2026-01-01 12:00:00', '2026-01-28 04:00:00'),
(28, 1, 28, '0.00', '15.00', '2026-01-01 12:00:00', '2026-01-29 04:00:00'),
(29, 1, 29, '0.00', '15.00', '2026-01-01 12:00:00', '2026-01-30 04:00:00'),
(30, 1, 30, '0.00', '15.00', '2026-01-01 12:00:00', '2026-01-31 04:00:00'),
(31, 1, 31, '0.00', '15.00', '2026-01-01 12:00:00', '2026-02-01 04:00:00'),
(32, 1, 32, '0.00', '15.00', '2026-01-01 12:00:00', '2026-02-02 04:00:00'),
(33, 1, 33, '0.00', '15.00', '2026-01-01 12:00:00', '2026-02-03 04:00:00'),
(34, 1, 34, '0.00', '15.00', '2026-01-01 12:00:00', '2026-02-04 04:00:00'),
(35, 1, 35, '0.00', '15.00', '2026-01-01 12:00:00', '2026-02-05 04:00:00'),
(36, 1, 36, '0.00', '15.00', '2026-01-01 12:00:00', '2026-02-06 04:00:00'),
(37, 1, 37, '0.00', '15.00', '2026-01-01 12:00:00', '2026-02-07 04:00:00'),
(38, 1, 38, '0.00', '15.00', '2026-01-01 12:00:00', '2026-02-08 04:00:00'),
(39, 1, 39, '0.00', '15.00', '2026-01-01 12:00:00', '2026-02-09 04:00:00'),
(40, 1, 40, '0.00', '15.00', '2026-01-01 12:00:00', '2026-02-10 04:00:00'),
(41, 1, 41, '0.00', '15.00', '2026-01-01 12:00:00', '2026-02-11 04:00:00'),
(42, 1, 42, '0.00', '15.00', '2026-01-01 12:00:00', '2026-02-12 04:00:00'),
(43, 1, 43, '0.00', '15.00', '2026-01-01 12:00:00', '2026-02-13 04:00:00'),
(44, 1, 44, '0.00', '15.00', '2026-01-01 12:00:00', '2026-02-14 04:00:00'),
(45, 1, 45, '0.00', '15.00', '2026-01-01 12:00:00', '2026-02-15 04:00:00'),
(46, 1, 46, '0.00', '15.00', '2026-01-01 12:00:00', '2026-02-16 04:00:00'),
(47, 1, 47, '0.00', '15.00', '2026-01-01 12:00:00', '2026-02-17 04:00:00'),
(48, 1, 48, '0.00', '15.00', '2026-01-01 12:00:00', '2026-02-18 04:00:00'),
(49, 1, 49, '0.00', '15.00', '2026-01-01 12:00:00', '2026-02-19 04:00:00'),
(50, 1, 50, '0.00', '15.00', '2026-01-01 12:00:00', '2026-02-20 04:00:00'),
(51, 1, 51, '0.00', '15.00', '2026-01-01 12:00:00', '2026-05-22 04:00:00'),
(52, 1, 52, '0.00', '15.00', '2026-01-01 12:00:00', '2026-05-23 04:00:00'),
(53, 1, 53, '0.00', '15.00', '2026-01-01 12:00:00', '2026-05-24 04:00:00'),
(54, 1, 54, '0.00', '15.00', '2026-01-01 12:00:00', '2026-05-25 04:00:00'),
(55, 1, 55, '0.00', '15.00', '2026-01-01 12:00:00', '2026-05-26 04:00:00'),
(56, 2, 56, '0.00', '3.00', '2026-01-01 12:00:00', '2026-05-20 04:00:00'),
(57, 2, 57, '0.00', '3.00', '2026-01-01 12:00:00', '2026-05-21 04:00:00'),
(58, 2, 58, '0.00', '3.00', '2026-01-01 12:00:00', '2026-05-22 04:00:00'),
(59, 2, 59, '0.00', '3.00', '2026-01-01 12:00:00', '2026-05-23 04:00:00'),
(60, 2, 60, '0.00', '3.00', '2026-01-01 12:00:00', '2026-05-24 04:00:00'),
(61, 2, 61, '0.00', '3.00', '2026-01-01 12:00:00', '2026-05-25 04:00:00'),
(62, 2, 62, '0.00', '3.00', '2026-01-01 12:00:00', '2026-05-26 04:00:00'),
(63, 3, 63, '0.00', '8.00', '2026-01-01 12:00:00', '2026-05-20 04:00:00'),
(64, 3, 64, '0.00', '8.00', '2026-01-01 12:00:00', '2026-05-21 04:00:00'),
(65, 3, 65, '0.00', '8.00', '2026-01-01 12:00:00', '2026-05-22 04:00:00'),
(66, 3, 66, '0.00', '8.00', '2026-01-01 12:00:00', '2026-05-23 04:00:00'),
(67, 3, 67, '0.00', '8.00', '2026-01-01 12:00:00', '2026-05-24 04:00:00'),
(68, 3, 68, '0.00', '8.00', '2026-01-01 12:00:00', '2026-05-25 04:00:00'),
(69, 3, 69, '0.00', '8.00', '2026-01-01 12:00:00', '2026-05-26 04:00:00'),
(70, 3, 70, '0.00', '8.00', '2026-01-01 12:00:00', '2026-05-20 04:00:00'),
(71, 3, 71, '55.00', '8.00', '2026-01-01 12:00:00', '2026-10-27 04:00:00'),
(72, 3, 72, '50.00', '8.00', '2026-01-01 12:00:00', '2026-10-28 04:00:00'),
(73, 1, 73, '55.00', '15.00', '2026-01-01 12:00:00', NULL),
(74, 1, 74, '48.00', '15.00', '2026-01-01 12:00:00', NULL),
(75, 1, 75, '80.00', '15.00', '2026-01-01 12:00:00', NULL),
(76, 1, 76, '71.00', '15.00', '2026-01-01 12:00:00', NULL),
(77, 1, 77, '77.00', '15.00', '2026-01-01 12:00:00', NULL),
(78, 1, 78, '69.00', '3.00', '2026-01-01 12:00:00', NULL),
(79, 1, 79, '80.00', '3.00', '2026-01-01 12:00:00', NULL),
(80, 1, 80, '2.00', '3.00', '2026-01-01 12:00:00', NULL),
(81, 1, 81, '80.00', '3.00', '2026-01-01 12:00:00', NULL),
(82, 1, 82, '0.00', '3.00', '2026-01-01 12:00:00', NULL),
(83, 1, 83, '80.00', '3.00', '2026-01-01 12:00:00', NULL),
(84, 1, 84, '72.00', '3.00', '2026-01-01 12:00:00', NULL),
(85, 1, 85, '660.00', '15.00', '2026-01-01 12:00:00', NULL),
(86, 1, 86, '625.00', '15.00', '2026-01-01 12:00:00', NULL),
(87, 1, 87, '530.00', '15.00', '2026-01-01 12:00:00', NULL),
(88, 1, 88, '73.00', '15.00', '2026-01-01 12:00:00', NULL),
(89, 1, 89, '80.00', '15.00', '2026-01-01 12:00:00', NULL),
(90, 1, 90, '71.00', '15.00', '2026-01-01 12:00:00', NULL),
(91, 1, 91, '49.00', '15.00', '2026-01-01 12:00:00', NULL),
(92, 1, 92, '69.00', '15.00', '2026-01-01 12:00:00', NULL),
(93, 1, 93, '80.00', '15.00', '2026-01-01 12:00:00', NULL),
(94, 1, 94, '67.00', '15.00', '2026-01-01 12:00:00', NULL),
(95, 1, 95, '100.00', '15.00', '2026-01-01 12:00:00', NULL),
(96, 1, 96, '65.00', '15.00', '2026-01-01 12:00:00', NULL),
(97, 1, 97, '80.00', '15.00', '2026-01-01 12:00:00', NULL),
(98, 1, 98, '73.00', '15.00', '2026-01-01 12:00:00', NULL),
(99, 1, 99, '80.00', '15.00', '2026-01-01 12:00:00', NULL),
(100, 1, 100, '100.00', '15.00', '2026-01-01 12:00:00', NULL),
(101, 3, 101, '45.00', '20.00', '2026-05-22 23:38:05', NULL),
(102, 1, 101, '11.00', '0.00', '2026-05-22 23:48:38', NULL),
(103, 1, 102, '82.00', '5.00', '2026-06-04 22:30:40', NULL),
(105, 2, 102, '4.00', '0.00', '2026-06-04 23:08:06', NULL);

DROP TABLE IF EXISTS `estoques`;
CREATE TABLE `estoques` (
  `id` int(11) NOT NULL AUTO_INCREMENT,
  `nome` varchar(100) NOT NULL,
  `ativo` tinyint(1) DEFAULT 1,
  `criado_em` datetime DEFAULT current_timestamp(),
  PRIMARY KEY (`id`)
) ENGINE=InnoDB AUTO_INCREMENT=4 DEFAULT CHARSET=utf8mb4 COLLATE=utf8mb4_general_ci;

INSERT INTO `estoques` (`id`, `nome`, `ativo`, `criado_em`) VALUES
(1, 'Estoque Principal', 1, '2026-05-22 03:31:54'),
(2, 'Estoque VIP', 1, '2026-05-22 03:31:54'),
(3, 'Estoque Limpeza', 1, '2026-05-22 03:31:54');

DROP TABLE IF EXISTS `kit_itens`;
CREATE TABLE `kit_itens` (
  `id` int(11) NOT NULL AUTO_INCREMENT,
  `kit_id` int(11) NOT NULL,
  `produto_id` int(11) NOT NULL,
  `quantidade_padrao` int(11) NOT NULL DEFAULT 0,
  `quantidade_atual` int(11) NOT NULL DEFAULT 0,
  `criado_em` timestamp NOT NULL DEFAULT current_timestamp(),
  `atualizado_em` timestamp NOT NULL DEFAULT current_timestamp() ON UPDATE current_timestamp(),
  PRIMARY KEY (`id`),
  UNIQUE KEY `unique_kit_produto` (`kit_id`,`produto_id`),
  UNIQUE KEY `uq_kit_itens_kit_produto` (`kit_id`,`produto_id`),
  KEY `fk_kit_itens_produto` (`produto_id`),
  CONSTRAINT `fk_kit_itens_kit` FOREIGN KEY (`kit_id`) REFERENCES `kits_caixa` (`id`) ON DELETE CASCADE,
  CONSTRAINT `fk_kit_itens_produto` FOREIGN KEY (`produto_id`) REFERENCES `produtos` (`id`)
) ENGINE=InnoDB AUTO_INCREMENT=16 DEFAULT CHARSET=utf8mb4 COLLATE=utf8mb4_general_ci;

INSERT INTO `kit_itens` (`id`, `kit_id`, `produto_id`, `quantidade_padrao`, `quantidade_atual`, `criado_em`, `atualizado_em`) VALUES
(1, 1, 87, 100, 2, '2026-06-02 22:05:47', '2026-06-02 23:05:06'),
(2, 1, 86, 50, 5, '2026-06-02 22:05:47', '2026-06-02 23:05:06'),
(3, 1, 85, 50, 6, '2026-06-02 22:05:47', '2026-06-02 23:05:06'),
(4, 1, 80, 25, 5, '2026-06-02 22:11:59', '2026-06-02 23:05:06'),
(5, 1, 91, 10, 0, '2026-06-02 22:11:59', '2026-06-02 23:05:06'),
(6, 2, 80, 25, 25, '2026-06-02 22:19:35', '2026-06-03 00:46:19'),
(7, 2, 91, 10, 10, '2026-06-02 22:19:35', '2026-06-03 00:46:19'),
(8, 2, 87, 100, 100, '2026-06-02 22:19:35', '2026-06-03 00:46:19'),
(9, 2, 86, 50, 50, '2026-06-02 22:19:35', '2026-06-03 00:46:19'),
(10, 2, 85, 50, 50, '2026-06-02 22:19:35', '2026-06-03 00:46:19'),
(11, 3, 80, 25, 0, '2026-06-02 22:21:57', '2026-06-02 22:21:57'),
(12, 3, 91, 10, 0, '2026-06-02 22:21:57', '2026-06-02 22:21:57'),
(13, 3, 87, 100, 0, '2026-06-02 22:21:57', '2026-06-02 22:21:57'),
(14, 3, 86, 50, 0, '2026-06-02 22:21:57', '2026-06-02 22:21:57'),
(15, 3, 85, 50, 0, '2026-06-02 22:21:57', '2026-06-02 22:21:57');

DROP TABLE IF EXISTS `kit_movimentacao_itens`;
CREATE TABLE `kit_movimentacao_itens` (
  `id` int(11) NOT NULL AUTO_INCREMENT,
  `kit_movimentacao_id` int(11) NOT NULL,
  `produto_id` int(11) NOT NULL,
  `quantidade_anterior` int(11) NOT NULL DEFAULT 0,
  `reposicao_operacao` decimal(10,2) NOT NULL DEFAULT 0.00,
  `quantidade_movimentada` int(11) NOT NULL DEFAULT 0,
  `quantidade_reposicao_operacao` int(11) NOT NULL DEFAULT 0,
  `quantidade_consumida` int(11) NOT NULL DEFAULT 0,
  `quantidade_final` int(11) NOT NULL DEFAULT 0,
  PRIMARY KEY (`id`),
  KEY `fk_kit_mov_item_mov` (`kit_movimentacao_id`),
  KEY `fk_kit_mov_item_produto` (`produto_id`),
  CONSTRAINT `fk_kit_mov_item_mov` FOREIGN KEY (`kit_movimentacao_id`) REFERENCES `kit_movimentacoes` (`id`) ON DELETE CASCADE,
  CONSTRAINT `fk_kit_mov_item_produto` FOREIGN KEY (`produto_id`) REFERENCES `produtos` (`id`)
) ENGINE=InnoDB AUTO_INCREMENT=74 DEFAULT CHARSET=utf8mb4 COLLATE=utf8mb4_general_ci;

INSERT INTO `kit_movimentacao_itens` (`id`, `kit_movimentacao_id`, `produto_id`, `quantidade_anterior`, `reposicao_operacao`, `quantidade_movimentada`, `quantidade_reposicao_operacao`, `quantidade_consumida`, `quantidade_final`) VALUES
(1, 1, 87, 0, '0.00', 0, 0, 0, 0),
(2, 1, 86, 0, '0.00', 0, 0, 0, 0),
(3, 1, 85, 0, '0.00', 0, 0, 0, 0),
(4, 2, 80, 0, '0.00', 0, 0, 0, 0),
(5, 2, 91, 0, '0.00', 0, 0, 0, 0),
(6, 2, 87, 0, '0.00', 0, 0, 0, 0),
(7, 2, 86, 0, '0.00', 0, 0, 0, 0),
(8, 2, 85, 0, '0.00', 0, 0, 0, 0),
(9, 3, 80, 0, '0.00', 25, 0, 0, 25),
(10, 3, 91, 0, '0.00', 10, 0, 0, 10),
(11, 3, 87, 0, '0.00', 100, 0, 0, 100),
(12, 3, 86, 0, '0.00', 50, 0, 0, 50),
(13, 3, 85, 0, '0.00', 50, 0, 0, 50),
(14, 4, 80, 25, '0.00', 0, 0, 0, 25),
(15, 4, 91, 10, '0.00', 0, 0, 0, 10),
(16, 4, 87, 100, '0.00', 0, 0, 0, 100),
(17, 4, 86, 50, '0.00', 0, 0, 0, 50),
(18, 4, 85, 50, '0.00', 0, 0, 0, 50),
(19, 5, 80, 25, '0.00', -15, 0, 0, 10),
(20, 5, 91, 10, '0.00', -9, 0, 0, 1),
(21, 5, 87, 100, '0.00', -50, 0, 0, 50),
(22, 5, 86, 50, '0.00', -50, 0, 0, 0),
(23, 5, 85, 50, '0.00', -20, 0, 0, 30),
(24, 6, 80, 10, '0.00', 15, 0, 0, 25),
(25, 6, 91, 1, '0.00', 9, 0, 0, 10),
(26, 6, 87, 50, '0.00', 50, 0, 0, 100),
(27, 6, 86, 0, '0.00', 50, 0, 0, 50),
(28, 6, 85, 30, '0.00', 20, 0, 0, 50),
(29, 7, 80, 0, '0.00', 0, 0, 0, 0),
(30, 7, 91, 0, '0.00', 0, 0, 0, 0),
(31, 7, 87, 0, '0.00', 0, 0, 0, 0),
(32, 7, 86, 0, '0.00', 0, 0, 0, 0),
(33, 7, 85, 0, '0.00', 0, 0, 0, 0),
(34, 8, 80, 25, '0.00', 0, 0, 0, 25),
(35, 8, 91, 10, '0.00', 0, 0, 0, 10),
(36, 8, 87, 100, '0.00', 0, 0, 0, 100),
(37, 8, 86, 50, '0.00', 0, 0, 0, 50),
(38, 8, 85, 50, '0.00', 0, 0, 0, 50),
(39, 9, 80, 0, '0.00', 25, 0, 0, 25),
(40, 9, 91, 0, '0.00', 10, 0, 0, 10),
(41, 9, 87, 0, '0.00', 100, 0, 0, 100),
(42, 9, 86, 0, '0.00', 50, 0, 0, 50),
(43, 9, 85, 0, '0.00', 50, 0, 0, 50),
(44, 10, 80, 25, '0.00', 0, 0, 0, 25),
(45, 10, 91, 10, '0.00', 0, 0, 0, 10),
(46, 10, 87, 100, '0.00', 0, 0, 0, 100),
(47, 10, 86, 50, '0.00', 0, 0, 0, 50),
(48, 10, 85, 50, '0.00', 0, 0, 0, 50),
(49, 11, 80, 25, '0.00', 0, 0, 0, 25),
(50, 11, 91, 10, '0.00', 0, 0, 0, 10),
(51, 11, 87, 100, '0.00', 0, 0, 0, 100),
(52, 11, 86, 50, '0.00', 0, 0, 0, 50),
(53, 11, 85, 50, '0.00', 0, 0, 0, 50),
(54, 12, 80, 0, '0.00', 0, 0, 0, 0),
(55, 12, 91, 0, '0.00', 0, 0, 0, 0),
(56, 12, 87, 0, '0.00', 0, 0, 0, 0),
(57, 12, 86, 0, '0.00', 0, 0, 0, 0),
(58, 12, 85, 0, '0.00', 0, 0, 0, 0),
(59, 13, 80, 25, '15.00', 35, 0, 0, 5),
(60, 13, 91, 10, '0.00', 10, 0, 0, 0),
(61, 13, 87, 100, '0.00', 98, 0, 0, 2),
(62, 13, 86, 50, '0.00', 45, 0, 0, 5),
(63, 13, 85, 50, '0.00', 44, 0, 0, 6),
(64, 14, 80, 25, '0.00', 0, 0, 0, 25),
(65, 14, 91, 10, '0.00', 0, 0, 0, 10),
(66, 14, 87, 100, '0.00', 0, 0, 0, 100),
(67, 14, 86, 50, '0.00', 0, 0, 0, 50),
(68, 14, 85, 50, '0.00', 0, 0, 0, 50),
(69, 15, 80, 25, '0.00', 0, 0, 0, 25),
(70, 15, 91, 10, '0.00', 0, 0, 0, 10),
(71, 15, 87, 100, '0.00', 0, 0, 0, 100),
(72, 15, 86, 50, '0.00', 0, 0, 0, 50),
(73, 15, 85, 50, '0.00', 0, 0, 0, 50);

DROP TABLE IF EXISTS `kit_movimentacoes`;
CREATE TABLE `kit_movimentacoes` (
  `id` int(11) NOT NULL AUTO_INCREMENT,
  `kit_id` int(11) NOT NULL,
  `estoque_id` int(11) NOT NULL,
  `usuario_id` int(11) NOT NULL,
  `tipo` enum('criacao','montagem','retirada','recebimento','reposicao','ajuste') NOT NULL,
  `observacao` text DEFAULT NULL,
  `criado_em` timestamp NOT NULL DEFAULT current_timestamp(),
  PRIMARY KEY (`id`),
  KEY `idx_kit_mov_kit` (`kit_id`),
  KEY `idx_kit_mov_estoque` (`estoque_id`),
  KEY `idx_kit_mov_usuario` (`usuario_id`),
  KEY `idx_kit_mov_data` (`criado_em`),
  KEY `idx_kit_movimentacoes_kit_data` (`kit_id`,`criado_em`),
  CONSTRAINT `fk_kit_mov_estoque` FOREIGN KEY (`estoque_id`) REFERENCES `estoques` (`id`),
  CONSTRAINT `fk_kit_mov_kit` FOREIGN KEY (`kit_id`) REFERENCES `kits_caixa` (`id`) ON DELETE CASCADE,
  CONSTRAINT `fk_kit_mov_usuario` FOREIGN KEY (`usuario_id`) REFERENCES `usuarios` (`id`)
) ENGINE=InnoDB AUTO_INCREMENT=16 DEFAULT CHARSET=utf8mb4 COLLATE=utf8mb4_general_ci;

INSERT INTO `kit_movimentacoes` (`id`, `kit_id`, `estoque_id`, `usuario_id`, `tipo`, `observacao`, `criado_em`) VALUES
(1, 1, 1, 2, 'criacao', 'Kit criado', '2026-06-02 22:05:47'),
(2, 1, 1, 2, 'ajuste', 'Kit editado', '2026-06-02 22:11:59'),
(3, 1, 1, 2, 'montagem', NULL, '2026-06-02 22:12:21'),
(4, 1, 1, 2, 'retirada', NULL, '2026-06-02 22:12:53'),
(5, 1, 1, 2, 'recebimento', NULL, '2026-06-02 22:13:38'),
(6, 1, 1, 2, 'montagem', NULL, '2026-06-02 22:14:50'),
(7, 2, 1, 2, 'criacao', 'Kit criado', '2026-06-02 22:19:35'),
(8, 1, 1, 2, 'retirada', NULL, '2026-06-02 22:19:54'),
(9, 2, 1, 2, 'montagem', NULL, '2026-06-02 22:20:20'),
(10, 2, 1, 4, 'retirada', NULL, '2026-06-02 22:20:58'),
(11, 2, 1, 2, 'recebimento', NULL, '2026-06-02 22:21:34'),
(12, 3, 1, 2, 'criacao', 'Kit criado', '2026-06-02 22:21:57'),
(13, 1, 1, 2, 'recebimento', NULL, '2026-06-02 23:05:06'),
(14, 2, 1, 2, 'retirada', NULL, '2026-06-03 00:42:57'),
(15, 2, 1, 2, 'recebimento', NULL, '2026-06-03 00:46:19');

DROP TABLE IF EXISTS `kits_caixa`;
CREATE TABLE `kits_caixa` (
  `id` int(11) NOT NULL AUTO_INCREMENT,
  `estoque_id` int(11) NOT NULL,
  `nome` varchar(100) NOT NULL,
  `status` enum('pronto_para_retirada','em_uso','aguardando_recebimento','kit_incompleto') NOT NULL DEFAULT 'kit_incompleto',
  `responsavel_atual_id` int(11) DEFAULT NULL,
  `criado_em` timestamp NOT NULL DEFAULT current_timestamp(),
  `atualizado_em` timestamp NOT NULL DEFAULT current_timestamp() ON UPDATE current_timestamp(),
  PRIMARY KEY (`id`),
  KEY `fk_kits_responsavel` (`responsavel_atual_id`),
  KEY `idx_kits_estoque_status` (`estoque_id`,`status`),
  KEY `idx_kits_caixa_estoque_status` (`estoque_id`,`status`),
  CONSTRAINT `fk_kits_estoque` FOREIGN KEY (`estoque_id`) REFERENCES `estoques` (`id`),
  CONSTRAINT `fk_kits_responsavel` FOREIGN KEY (`responsavel_atual_id`) REFERENCES `usuarios` (`id`)
) ENGINE=InnoDB AUTO_INCREMENT=4 DEFAULT CHARSET=utf8mb4 COLLATE=utf8mb4_general_ci;

INSERT INTO `kits_caixa` (`id`, `estoque_id`, `nome`, `status`, `responsavel_atual_id`, `criado_em`, `atualizado_em`) VALUES
(1, 1, 'Kit Caixa 1', 'kit_incompleto', NULL, '2026-06-02 22:05:47', '2026-06-02 23:05:06'),
(2, 1, 'Kit caixa 2', 'pronto_para_retirada', NULL, '2026-06-02 22:19:35', '2026-06-03 00:46:19'),
(3, 1, 'Kit caixa 3', 'kit_incompleto', NULL, '2026-06-02 22:21:57', '2026-06-02 22:21:57');

DROP TABLE IF EXISTS `motivos_desperdicio`;
CREATE TABLE `motivos_desperdicio` (
  `id` int(11) NOT NULL AUTO_INCREMENT,
  `nome` varchar(100) NOT NULL,
  `ativo` tinyint(1) DEFAULT 1,
  `criado_em` datetime DEFAULT current_timestamp(),
  PRIMARY KEY (`id`)
) ENGINE=InnoDB AUTO_INCREMENT=11 DEFAULT CHARSET=utf8mb4 COLLATE=utf8mb4_general_ci;

INSERT INTO `motivos_desperdicio` (`id`, `nome`, `ativo`, `criado_em`) VALUES
(1, 'Produto vencido', 1, '2026-01-01 12:00:00'),
(2, 'Produto danificado', 1, '2026-01-01 12:00:00'),
(3, 'Produto aberto por engano', 1, '2026-01-01 12:00:00'),
(4, 'Produto derramado', 1, '2026-01-01 12:00:00'),
(5, 'Erro operacional', 1, '2026-01-01 12:00:00'),
(6, 'Quebra de embalagem', 1, '2026-01-01 12:00:00'),
(7, 'Contaminacao', 1, '2026-01-01 12:00:00'),
(8, 'Perda no preparo', 1, '2026-01-01 12:00:00'),
(9, 'Sobra descartada', 1, '2026-01-01 12:00:00'),
(10, 'Outro', 1, '2026-01-01 12:00:00');

DROP TABLE IF EXISTS `movimentacao_lotes`;
CREATE TABLE `movimentacao_lotes` (
  `id` int(11) NOT NULL AUTO_INCREMENT,
  `movimentacao_id` int(11) NOT NULL,
  `lote_id` int(11) NOT NULL,
  `quantidade` decimal(10,2) NOT NULL,
  `ignorou_fefo` tinyint(1) NOT NULL DEFAULT 0,
  `justificativa_fefo` varchar(255) DEFAULT NULL,
  `criado_em` datetime DEFAULT current_timestamp(),
  PRIMARY KEY (`id`),
  KEY `idx_mov_lote_movimentacao` (`movimentacao_id`),
  KEY `idx_mov_lote_lote` (`lote_id`),
  CONSTRAINT `fk_mov_lote_lote` FOREIGN KEY (`lote_id`) REFERENCES `produto_lotes` (`id`),
  CONSTRAINT `fk_mov_lote_movimentacao` FOREIGN KEY (`movimentacao_id`) REFERENCES `movimentacoes` (`id`) ON DELETE CASCADE
) ENGINE=InnoDB AUTO_INCREMENT=352 DEFAULT CHARSET=utf8mb4 COLLATE=utf8mb4_general_ci;

INSERT INTO `movimentacao_lotes` (`id`, `movimentacao_id`, `lote_id`, `quantidade`, `ignorou_fefo`, `justificativa_fefo`, `criado_em`) VALUES
(1, 1, 1, '81.00', 0, NULL, '2026-01-04 13:01:00'),
(2, 2, 1, '6.00', 0, NULL, '2026-02-06 15:02:00'),
(3, 3, 1, '75.00', 0, NULL, '2026-01-12 13:03:00'),
(4, 4, 2, '82.00', 0, NULL, '2026-01-07 14:02:00'),
(5, 5, 2, '7.00', 0, NULL, '2026-02-11 16:04:00'),
(6, 6, 2, '5.00', 0, NULL, '2026-03-15 17:08:00'),
(7, 7, 2, '70.00', 0, NULL, '2026-01-23 14:06:00'),
(8, 8, 3, '83.00', 0, NULL, '2026-01-10 15:03:00'),
(9, 9, 3, '8.00', 0, NULL, '2026-02-16 17:06:00'),
(10, 10, 3, '75.00', 0, NULL, '2026-02-03 15:09:00'),
(11, 11, 4, '84.00', 0, NULL, '2026-01-13 16:04:00'),
(12, 12, 4, '9.00', 0, NULL, '2026-02-21 18:08:00'),
(13, 13, 4, '7.00', 0, NULL, '2026-03-29 19:16:00'),
(14, 14, 4, '68.00', 0, NULL, '2026-02-14 16:12:00'),
(15, 15, 5, '85.00', 0, NULL, '2026-01-16 17:05:00'),
(16, 16, 5, '10.00', 0, NULL, '2026-02-26 19:10:00'),
(17, 17, 5, '75.00', 0, NULL, '2026-02-25 17:15:00'),
(18, 18, 6, '86.00', 0, NULL, '2026-01-19 18:06:00'),
(19, 19, 6, '11.00', 0, NULL, '2026-03-03 20:12:00'),
(20, 20, 6, '9.00', 0, NULL, '2026-04-12 21:24:00'),
(21, 21, 6, '66.00', 0, NULL, '2026-03-08 18:18:00'),
(22, 22, 7, '87.00', 0, NULL, '2026-01-22 19:07:00'),
(23, 23, 7, '12.00', 0, NULL, '2026-03-08 21:14:00'),
(24, 24, 7, '75.00', 0, NULL, '2026-03-19 19:21:00'),
(25, 25, 8, '88.00', 0, NULL, '2026-01-25 20:08:00'),
(26, 26, 8, '13.00', 0, NULL, '2026-03-13 14:16:00'),
(27, 27, 8, '11.00', 0, NULL, '2026-04-26 16:32:00'),
(28, 28, 8, '64.00', 0, NULL, '2026-03-30 20:24:00'),
(29, 29, 9, '89.00', 0, NULL, '2026-01-28 12:09:00'),
(30, 30, 9, '14.00', 0, NULL, '2026-03-18 15:18:00'),
(31, 31, 9, '75.00', 0, NULL, '2026-04-10 21:27:00'),
(32, 32, 10, '90.00', 0, NULL, '2026-01-31 13:10:00'),
(33, 33, 10, '15.00', 0, NULL, '2026-03-23 16:20:00'),
(34, 34, 10, '13.00', 0, NULL, '2026-05-10 18:40:00'),
(35, 35, 10, '62.00', 0, NULL, '2026-04-21 12:30:00'),
(36, 36, 11, '91.00', 0, NULL, '2026-02-03 14:11:00'),
(37, 37, 11, '16.00', 0, NULL, '2026-03-28 17:22:00'),
(38, 38, 11, '75.00', 0, NULL, '2026-05-02 13:33:00'),
(39, 39, 12, '92.00', 0, NULL, '2026-02-06 15:12:00'),
(40, 40, 12, '17.00', 0, NULL, '2026-04-02 18:24:00'),
(41, 41, 12, '15.00', 0, NULL, '2026-03-05 20:48:00'),
(42, 42, 12, '60.00', 0, NULL, '2026-05-13 14:36:00'),
(43, 43, 13, '93.00', 0, NULL, '2026-02-09 16:13:00'),
(44, 44, 13, '18.00', 0, NULL, '2026-04-07 19:26:00'),
(45, 45, 13, '75.00', 0, NULL, '2026-01-05 15:39:00'),
(46, 46, 14, '94.00', 0, NULL, '2026-02-12 17:14:00'),
(47, 47, 14, '19.00', 0, NULL, '2026-04-12 20:28:00'),
(48, 48, 14, '3.00', 0, NULL, '2026-03-19 15:56:00'),
(49, 49, 14, '72.00', 0, NULL, '2026-01-16 16:42:00'),
(50, 50, 15, '95.00', 0, NULL, '2026-02-15 18:15:00'),
(51, 51, 15, '20.00', 0, NULL, '2026-04-17 21:30:00'),
(52, 52, 15, '75.00', 0, NULL, '2026-01-27 17:45:00'),
(53, 53, 16, '96.00', 0, NULL, '2026-02-18 19:16:00'),
(54, 54, 16, '21.00', 0, NULL, '2026-04-22 14:32:00'),
(55, 55, 16, '5.00', 0, NULL, '2026-04-02 17:04:00'),
(56, 56, 16, '70.00', 0, NULL, '2026-02-07 18:48:00'),
(57, 57, 17, '97.00', 0, NULL, '2026-01-02 20:17:00'),
(58, 58, 17, '22.00', 0, NULL, '2026-02-01 15:34:00'),
(59, 59, 17, '75.00', 0, NULL, '2026-02-18 19:51:00'),
(60, 60, 18, '98.00', 0, NULL, '2026-01-05 12:18:00'),
(61, 61, 18, '23.00', 0, NULL, '2026-02-06 16:36:00'),
(62, 62, 18, '7.00', 0, NULL, '2026-04-16 19:12:00'),
(63, 63, 18, '68.00', 0, NULL, '2026-03-01 20:54:00'),
(64, 64, 19, '99.00', 0, NULL, '2026-01-08 13:19:00'),
(65, 65, 19, '24.00', 0, NULL, '2026-02-11 17:38:00'),
(66, 66, 19, '75.00', 0, NULL, '2026-03-12 21:57:00'),
(67, 67, 20, '100.00', 0, NULL, '2026-01-11 14:20:00'),
(68, 68, 20, '25.00', 0, NULL, '2026-02-16 18:40:00'),
(69, 69, 20, '9.00', 0, NULL, '2026-04-30 21:20:00'),
(70, 70, 20, '66.00', 0, NULL, '2026-03-23 12:00:00'),
(71, 71, 21, '101.00', 0, NULL, '2026-01-14 15:21:00'),
(72, 72, 21, '26.00', 0, NULL, '2026-02-21 19:42:00'),
(73, 73, 21, '75.00', 0, NULL, '2026-04-03 13:03:00'),
(74, 74, 22, '102.00', 0, NULL, '2026-01-17 16:22:00'),
(75, 75, 22, '27.00', 0, NULL, '2026-02-26 20:44:00'),
(76, 76, 22, '11.00', 0, NULL, '2026-05-14 16:28:00'),
(77, 77, 22, '64.00', 0, NULL, '2026-04-14 14:06:00'),
(78, 78, 23, '103.00', 0, NULL, '2026-01-20 17:23:00'),
(79, 79, 23, '28.00', 0, NULL, '2026-03-03 21:46:00'),
(80, 80, 23, '75.00', 0, NULL, '2026-04-25 15:09:00'),
(81, 81, 24, '104.00', 0, NULL, '2026-01-23 18:24:00'),
(82, 82, 24, '29.00', 0, NULL, '2026-03-08 14:48:00'),
(83, 83, 24, '13.00', 0, NULL, '2026-03-09 18:36:00'),
(84, 84, 24, '62.00', 0, NULL, '2026-05-06 16:12:00'),
(85, 85, 25, '105.00', 0, NULL, '2026-01-26 19:25:00'),
(86, 86, 25, '5.00', 0, NULL, '2026-03-13 15:50:00'),
(87, 87, 25, '100.00', 0, NULL, '2026-05-17 17:15:00'),
(88, 88, 26, '106.00', 0, NULL, '2026-01-29 20:26:00'),
(89, 89, 26, '6.00', 0, NULL, '2026-03-18 16:52:00'),
(90, 90, 26, '15.00', 0, NULL, '2026-03-23 20:44:00'),
(91, 91, 26, '85.00', 0, NULL, '2026-01-09 18:18:00'),
(92, 92, 27, '107.00', 0, NULL, '2026-02-01 12:27:00'),
(93, 93, 27, '7.00', 0, NULL, '2026-03-23 17:54:00'),
(94, 94, 27, '100.00', 0, NULL, '2026-01-20 19:21:00'),
(95, 95, 28, '108.00', 0, NULL, '2026-02-04 13:28:00'),
(96, 96, 28, '8.00', 0, NULL, '2026-03-28 18:56:00'),
(97, 97, 28, '3.00', 0, NULL, '2026-04-06 15:52:00'),
(98, 98, 28, '97.00', 0, NULL, '2026-01-31 20:24:00'),
(99, 99, 29, '109.00', 0, NULL, '2026-02-07 14:29:00'),
(100, 100, 29, '9.00', 0, NULL, '2026-04-02 19:58:00'),
(101, 101, 29, '100.00', 0, NULL, '2026-02-11 21:27:00'),
(102, 102, 30, '110.00', 0, NULL, '2026-02-10 15:30:00'),
(103, 103, 30, '10.00', 0, NULL, '2026-04-07 20:00:00'),
(104, 104, 30, '5.00', 0, NULL, '2026-04-20 17:00:00'),
(105, 105, 30, '95.00', 0, NULL, '2026-02-22 12:30:00'),
(106, 106, 31, '111.00', 0, NULL, '2026-02-13 16:31:00'),
(107, 107, 31, '11.00', 0, NULL, '2026-04-12 21:02:00'),
(108, 108, 31, '100.00', 0, NULL, '2026-03-05 13:33:00'),
(109, 109, 32, '112.00', 0, NULL, '2026-02-16 17:32:00'),
(110, 110, 32, '12.00', 0, NULL, '2026-04-17 14:04:00'),
(111, 111, 32, '7.00', 0, NULL, '2026-05-04 19:08:00'),
(112, 112, 32, '93.00', 0, NULL, '2026-03-16 14:36:00'),
(113, 113, 33, '113.00', 0, NULL, '2026-02-19 18:33:00'),
(114, 114, 33, '13.00', 0, NULL, '2026-04-22 15:06:00'),
(115, 115, 33, '100.00', 0, NULL, '2026-03-27 15:39:00'),
(116, 116, 34, '114.00', 0, NULL, '2026-01-03 19:34:00'),
(117, 117, 34, '14.00', 0, NULL, '2026-02-01 16:08:00'),
(118, 118, 34, '9.00', 0, NULL, '2026-05-18 21:16:00'),
(119, 119, 34, '91.00', 0, NULL, '2026-04-07 16:42:00'),
(120, 120, 35, '115.00', 0, NULL, '2026-01-06 20:35:00'),
(121, 121, 35, '15.00', 0, NULL, '2026-02-06 17:10:00'),
(122, 122, 35, '100.00', 0, NULL, '2026-04-18 17:45:00'),
(123, 123, 36, '116.00', 0, NULL, '2026-01-09 12:36:00'),
(124, 124, 36, '16.00', 0, NULL, '2026-02-11 18:12:00'),
(125, 125, 36, '11.00', 0, NULL, '2026-03-13 16:24:00'),
(126, 126, 36, '89.00', 0, NULL, '2026-04-29 18:48:00'),
(127, 127, 37, '117.00', 0, NULL, '2026-01-12 13:37:00'),
(128, 128, 37, '17.00', 0, NULL, '2026-02-16 19:14:00'),
(129, 129, 37, '100.00', 0, NULL, '2026-05-10 19:51:00'),
(130, 130, 38, '118.00', 0, NULL, '2026-01-15 14:38:00'),
(131, 131, 38, '18.00', 0, NULL, '2026-02-21 20:16:00'),
(132, 132, 38, '13.00', 0, NULL, '2026-03-27 18:32:00'),
(133, 133, 38, '87.00', 0, NULL, '2026-01-02 20:54:00'),
(134, 134, 39, '119.00', 0, NULL, '2026-01-18 15:39:00'),
(135, 135, 39, '19.00', 0, NULL, '2026-02-26 21:18:00'),
(136, 136, 39, '100.00', 0, NULL, '2026-01-13 21:57:00'),
(137, 137, 40, '120.00', 0, NULL, '2026-01-21 16:40:00'),
(138, 138, 40, '20.00', 0, NULL, '2026-03-03 14:20:00'),
(139, 139, 40, '15.00', 0, NULL, '2026-04-10 20:40:00'),
(140, 140, 40, '85.00', 0, NULL, '2026-01-24 12:00:00'),
(141, 141, 41, '121.00', 0, NULL, '2026-01-24 17:41:00'),
(142, 142, 41, '21.00', 0, NULL, '2026-03-08 15:22:00'),
(143, 143, 41, '100.00', 0, NULL, '2026-02-04 13:03:00'),
(144, 144, 42, '122.00', 0, NULL, '2026-01-27 18:42:00'),
(145, 145, 42, '22.00', 0, NULL, '2026-03-13 16:24:00'),
(146, 146, 42, '3.00', 0, NULL, '2026-04-24 15:48:00'),
(147, 147, 42, '97.00', 0, NULL, '2026-02-15 14:06:00'),
(148, 148, 43, '123.00', 0, NULL, '2026-01-30 19:43:00'),
(149, 149, 43, '23.00', 0, NULL, '2026-03-18 17:26:00'),
(150, 150, 43, '100.00', 0, NULL, '2026-02-26 15:09:00'),
(151, 151, 44, '124.00', 0, NULL, '2026-02-02 20:44:00'),
(152, 152, 44, '24.00', 0, NULL, '2026-03-23 18:28:00'),
(153, 153, 44, '5.00', 0, NULL, '2026-05-08 17:56:00'),
(154, 154, 44, '95.00', 0, NULL, '2026-03-09 16:12:00'),
(155, 155, 45, '125.00', 0, NULL, '2026-02-05 12:45:00'),
(156, 156, 45, '25.00', 0, NULL, '2026-03-28 19:30:00'),
(157, 157, 45, '100.00', 0, NULL, '2026-03-20 17:15:00'),
(158, 158, 46, '126.00', 0, NULL, '2026-02-08 13:46:00'),
(159, 159, 46, '26.00', 0, NULL, '2026-04-02 20:32:00'),
(160, 160, 46, '7.00', 0, NULL, '2026-03-03 19:04:00'),
(161, 161, 46, '93.00', 0, NULL, '2026-03-31 18:18:00'),
(162, 162, 47, '127.00', 0, NULL, '2026-02-11 14:47:00'),
(163, 163, 47, '27.00', 0, NULL, '2026-04-07 21:34:00'),
(164, 164, 47, '100.00', 0, NULL, '2026-04-11 19:21:00'),
(165, 165, 48, '128.00', 0, NULL, '2026-02-14 15:48:00'),
(166, 166, 48, '28.00', 0, NULL, '2026-04-12 14:36:00'),
(167, 167, 48, '9.00', 0, NULL, '2026-03-17 21:12:00'),
(168, 168, 48, '91.00', 0, NULL, '2026-04-22 20:24:00'),
(169, 169, 49, '129.00', 0, NULL, '2026-02-17 16:49:00'),
(170, 170, 49, '29.00', 0, NULL, '2026-04-17 15:38:00'),
(171, 171, 49, '100.00', 0, NULL, '2026-05-03 21:27:00'),
(172, 172, 50, '130.00', 0, NULL, '2026-01-01 17:50:00'),
(173, 173, 50, '5.00', 0, NULL, '2026-04-22 16:40:00'),
(174, 174, 50, '11.00', 0, NULL, '2026-03-31 16:20:00'),
(175, 175, 50, '114.00', 0, NULL, '2026-05-14 12:30:00'),
(176, 176, 51, '131.00', 0, NULL, '2026-01-04 18:51:00'),
(177, 177, 51, '6.00', 0, NULL, '2026-02-01 17:42:00'),
(178, 178, 52, '132.00', 0, NULL, '2026-01-07 19:52:00'),
(179, 179, 52, '7.00', 0, NULL, '2026-02-06 18:44:00'),
(180, 180, 52, '13.00', 0, NULL, '2026-04-14 18:28:00'),
(181, 181, 53, '133.00', 0, NULL, '2026-01-10 20:53:00'),
(182, 182, 53, '8.00', 0, NULL, '2026-02-11 19:46:00'),
(183, 183, 54, '134.00', 0, NULL, '2026-01-13 12:54:00'),
(184, 184, 54, '9.00', 0, NULL, '2026-02-16 20:48:00'),
(185, 185, 54, '15.00', 0, NULL, '2026-04-28 20:36:00'),
(186, 186, 55, '135.00', 0, NULL, '2026-01-16 13:55:00'),
(187, 187, 55, '10.00', 0, NULL, '2026-02-21 21:50:00'),
(188, 188, 56, '136.00', 0, NULL, '2026-01-19 14:56:00'),
(189, 189, 56, '11.00', 0, NULL, '2026-02-26 14:52:00'),
(190, 190, 56, '3.00', 0, NULL, '2026-05-12 15:44:00'),
(191, 191, 56, '2.00', 0, NULL, '2026-03-02 15:44:00'),
(192, 192, 57, '137.00', 0, NULL, '2026-01-22 15:57:00'),
(193, 193, 57, '12.00', 0, NULL, '2026-03-03 15:54:00'),
(194, 194, 58, '138.00', 0, NULL, '2026-01-25 16:58:00'),
(195, 195, 58, '13.00', 0, NULL, '2026-03-08 16:56:00'),
(196, 196, 58, '5.00', 0, NULL, '2026-03-07 17:52:00'),
(197, 197, 59, '139.00', 0, NULL, '2026-01-28 17:59:00'),
(198, 198, 59, '14.00', 0, NULL, '2026-03-13 17:58:00'),
(199, 199, 60, '140.00', 0, NULL, '2026-01-31 18:00:00'),
(200, 200, 60, '15.00', 0, NULL, '2026-03-18 18:00:00'),
(201, 201, 60, '7.00', 0, NULL, '2026-03-21 19:00:00'),
(202, 202, 61, '141.00', 0, NULL, '2026-02-03 19:01:00'),
(203, 203, 61, '16.00', 0, NULL, '2026-03-23 19:02:00'),
(204, 204, 62, '142.00', 0, NULL, '2026-02-06 20:02:00'),
(205, 205, 62, '17.00', 0, NULL, '2026-03-28 20:04:00'),
(206, 206, 62, '9.00', 0, NULL, '2026-04-04 21:08:00'),
(207, 207, 63, '143.00', 0, NULL, '2026-02-09 12:03:00'),
(208, 208, 63, '18.00', 0, NULL, '2026-04-02 21:06:00'),
(209, 209, 63, '4.00', 0, NULL, '2026-05-18 15:12:00'),
(210, 210, 64, '144.00', 0, NULL, '2026-02-12 13:04:00'),
(211, 211, 64, '19.00', 0, NULL, '2026-04-07 14:08:00'),
(212, 212, 64, '11.00', 0, NULL, '2026-04-18 16:16:00'),
(213, 213, 65, '145.00', 0, NULL, '2026-02-15 14:05:00'),
(214, 214, 65, '20.00', 0, NULL, '2026-04-12 15:10:00'),
(215, 215, 66, '146.00', 0, NULL, '2026-02-18 15:06:00'),
(216, 216, 66, '21.00', 0, NULL, '2026-04-17 16:12:00'),
(217, 217, 66, '13.00', 0, NULL, '2026-05-02 18:24:00'),
(218, 218, 67, '147.00', 0, NULL, '2026-01-02 16:07:00'),
(219, 219, 67, '22.00', 0, NULL, '2026-04-22 17:14:00'),
(220, 220, 68, '148.00', 0, NULL, '2026-01-05 17:08:00'),
(221, 221, 68, '23.00', 0, NULL, '2026-02-01 18:16:00'),
(222, 222, 68, '15.00', 0, NULL, '2026-05-16 20:32:00'),
(223, 223, 69, '149.00', 0, NULL, '2026-01-08 18:09:00'),
(224, 224, 69, '24.00', 0, NULL, '2026-02-06 19:18:00'),
(225, 225, 70, '80.00', 0, NULL, '2026-01-11 19:10:00'),
(226, 226, 70, '25.00', 0, NULL, '2026-02-11 20:20:00'),
(227, 227, 70, '3.00', 0, NULL, '2026-03-11 15:40:00'),
(228, 228, 70, '1.00', 0, NULL, '2026-03-17 15:40:00'),
(229, 229, 71, '81.00', 0, NULL, '2026-01-14 20:11:00'),
(230, 230, 71, '26.00', 0, NULL, '2026-02-16 21:22:00'),
(231, 231, 72, '82.00', 0, NULL, '2026-01-17 12:12:00'),
(232, 232, 72, '27.00', 0, NULL, '2026-02-21 14:24:00'),
(233, 233, 72, '5.00', 0, NULL, '2026-03-25 17:48:00'),
(234, 234, 73, '83.00', 0, NULL, '2026-01-20 13:13:00'),
(235, 235, 73, '28.00', 0, NULL, '2026-02-26 15:26:00'),
(236, 236, 74, '84.00', 0, NULL, '2026-01-23 14:14:00'),
(237, 237, 74, '29.00', 0, NULL, '2026-03-03 16:28:00'),
(238, 238, 74, '7.00', 0, NULL, '2026-04-08 19:56:00'),
(239, 239, 75, '85.00', 0, NULL, '2026-01-26 15:15:00'),
(240, 240, 75, '5.00', 0, NULL, '2026-03-08 17:30:00'),
(241, 241, 76, '86.00', 0, NULL, '2026-01-29 16:16:00'),
(242, 242, 76, '6.00', 0, NULL, '2026-03-13 18:32:00'),
(243, 243, 76, '9.00', 0, NULL, '2026-04-22 21:04:00'),
(244, 244, 77, '87.00', 0, NULL, '2026-02-01 17:17:00'),
(245, 245, 77, '7.00', 0, NULL, '2026-03-18 19:34:00'),
(246, 246, 77, '3.00', 0, NULL, '2026-01-14 15:08:00'),
(247, 247, 78, '88.00', 0, NULL, '2026-02-04 18:18:00'),
(248, 248, 78, '8.00', 0, NULL, '2026-03-23 20:36:00'),
(249, 249, 78, '11.00', 0, NULL, '2026-05-06 16:12:00'),
(250, 250, 79, '89.00', 0, NULL, '2026-02-07 19:19:00'),
(251, 251, 79, '9.00', 0, NULL, '2026-03-28 21:38:00'),
(252, 252, 80, '90.00', 0, NULL, '2026-02-10 20:20:00'),
(253, 253, 80, '10.00', 0, NULL, '2026-04-02 14:40:00'),
(254, 254, 80, '13.00', 0, NULL, '2026-03-01 18:20:00'),
(255, 255, 81, '91.00', 0, NULL, '2026-02-13 12:21:00'),
(256, 256, 81, '11.00', 0, NULL, '2026-04-07 15:42:00'),
(257, 257, 82, '92.00', 0, NULL, '2026-02-16 13:22:00'),
(258, 258, 82, '12.00', 0, NULL, '2026-04-12 16:44:00'),
(259, 259, 82, '15.00', 0, NULL, '2026-03-15 20:28:00'),
(260, 260, 83, '93.00', 0, NULL, '2026-02-19 14:23:00'),
(261, 261, 83, '13.00', 0, NULL, '2026-04-17 17:46:00'),
(262, 262, 84, '94.00', 0, NULL, '2026-01-03 15:24:00'),
(263, 263, 84, '14.00', 0, NULL, '2026-04-22 18:48:00'),
(264, 264, 84, '3.00', 0, NULL, '2026-03-29 15:36:00'),
(265, 265, 84, '5.00', 0, NULL, '2026-04-01 15:36:00'),
(266, 266, 85, '95.00', 0, NULL, '2026-01-06 16:25:00'),
(267, 267, 85, '15.00', 0, NULL, '2026-02-01 19:50:00'),
(268, 268, 86, '96.00', 0, NULL, '2026-01-09 17:26:00'),
(269, 269, 86, '16.00', 0, NULL, '2026-02-06 20:52:00'),
(270, 270, 86, '5.00', 0, NULL, '2026-04-12 17:44:00'),
(271, 271, 87, '97.00', 0, NULL, '2026-01-12 18:27:00'),
(272, 272, 87, '17.00', 0, NULL, '2026-02-11 21:54:00'),
(273, 273, 88, '98.00', 0, NULL, '2026-01-15 19:28:00'),
(274, 274, 88, '18.00', 0, NULL, '2026-02-16 14:56:00'),
(275, 275, 88, '7.00', 0, NULL, '2026-04-26 19:52:00'),
(276, 276, 89, '99.00', 0, NULL, '2026-01-18 20:29:00'),
(277, 277, 89, '19.00', 0, NULL, '2026-02-21 15:58:00'),
(278, 278, 90, '100.00', 0, NULL, '2026-01-21 12:30:00'),
(279, 279, 90, '20.00', 0, NULL, '2026-02-26 16:00:00'),
(280, 280, 90, '9.00', 0, NULL, '2026-05-10 21:00:00'),
(281, 281, 91, '101.00', 0, NULL, '2026-01-24 13:31:00'),
(282, 282, 91, '21.00', 0, NULL, '2026-03-03 17:02:00'),
(283, 283, 91, '2.00', 0, NULL, '2026-01-29 15:04:00'),
(284, 284, 92, '102.00', 0, NULL, '2026-01-27 14:32:00'),
(285, 285, 92, '22.00', 0, NULL, '2026-03-08 18:04:00'),
(286, 286, 92, '11.00', 0, NULL, '2026-03-05 16:08:00'),
(287, 287, 93, '103.00', 0, NULL, '2026-01-30 15:33:00'),
(288, 288, 93, '23.00', 0, NULL, '2026-03-13 19:06:00'),
(289, 289, 94, '104.00', 0, NULL, '2026-02-02 16:34:00'),
(290, 290, 94, '24.00', 0, NULL, '2026-03-18 20:08:00'),
(291, 291, 94, '13.00', 0, NULL, '2026-03-19 18:16:00'),
(292, 292, 95, '105.00', 0, NULL, '2026-02-05 17:35:00'),
(293, 293, 95, '25.00', 0, NULL, '2026-03-23 21:10:00'),
(294, 294, 96, '106.00', 0, NULL, '2026-02-08 18:36:00'),
(295, 295, 96, '26.00', 0, NULL, '2026-03-28 14:12:00'),
(296, 296, 96, '15.00', 0, NULL, '2026-04-02 20:24:00'),
(297, 297, 97, '107.00', 0, NULL, '2026-02-11 19:37:00'),
(298, 298, 97, '27.00', 0, NULL, '2026-04-02 15:14:00'),
(299, 299, 98, '108.00', 0, NULL, '2026-02-14 20:38:00'),
(300, 300, 98, '28.00', 0, NULL, '2026-04-07 16:16:00'),
(301, 301, 98, '3.00', 0, NULL, '2026-04-16 15:32:00'),
(302, 302, 98, '4.00', 0, NULL, '2026-04-16 15:32:00'),
(303, 303, 99, '109.00', 0, NULL, '2026-02-17 12:39:00'),
(304, 304, 99, '29.00', 0, NULL, '2026-04-12 17:18:00'),
(305, 305, 100, '110.00', 0, NULL, '2026-01-01 13:40:00'),
(306, 306, 100, '5.00', 0, NULL, '2026-04-17 18:20:00'),
(307, 307, 100, '5.00', 0, NULL, '2026-04-30 17:40:00'),
(308, 308, 64, '114.00', 0, NULL, '2026-05-22 12:40:46'),
(309, 309, 101, '50.00', 0, NULL, '2026-05-22 12:44:31'),
(310, 310, 101, '4.00', 1, 'Pq sim', '2026-05-22 12:46:07'),
(311, 311, 102, '5.00', 0, NULL, '2026-05-22 23:40:28'),
(312, 312, 102, '15.00', 0, NULL, '2026-05-22 23:48:38'),
(313, 313, 103, '15.00', 0, NULL, '2026-05-22 23:48:38'),
(314, 314, 102, '5.00', 0, NULL, '2026-05-22 23:52:32'),
(315, 315, 104, '20.00', 0, NULL, '2026-05-22 23:54:59'),
(316, 316, 63, '121.00', 0, NULL, '2026-05-22 23:55:48'),
(317, 317, 82, '65.00', 0, NULL, '2026-05-26 20:31:58'),
(318, 318, 105, '700.00', 0, NULL, '2026-06-02 22:10:30'),
(319, 319, 106, '700.00', 0, NULL, '2026-06-02 22:10:53'),
(320, 320, 107, '700.00', 0, NULL, '2026-06-02 22:11:24'),
(321, 321, 51, '125.00', 0, NULL, '2026-06-02 22:32:39'),
(322, 322, 52, '112.00', 0, NULL, '2026-06-02 22:32:39'),
(323, 323, 53, '125.00', 0, NULL, '2026-06-02 22:32:39'),
(324, 324, 54, '110.00', 0, NULL, '2026-06-02 22:32:39'),
(325, 325, 55, '125.00', 0, NULL, '2026-06-02 22:32:39'),
(326, 326, 56, '120.00', 0, NULL, '2026-06-02 22:32:39'),
(327, 327, 57, '125.00', 0, NULL, '2026-06-02 22:32:39'),
(328, 328, 58, '120.00', 0, NULL, '2026-06-02 22:32:39'),
(329, 329, 59, '125.00', 0, NULL, '2026-06-02 22:32:39'),
(330, 330, 60, '118.00', 0, NULL, '2026-06-02 22:32:39'),
(331, 331, 61, '125.00', 0, NULL, '2026-06-02 22:32:39'),
(332, 332, 62, '116.00', 0, NULL, '2026-06-02 22:32:39'),
(333, 333, 65, '125.00', 0, NULL, '2026-06-02 22:32:39'),
(334, 334, 66, '112.00', 0, NULL, '2026-06-02 22:32:39'),
(335, 335, 101, '46.00', 0, NULL, '2026-06-02 22:32:39'),
(336, 336, 67, '125.00', 0, NULL, '2026-06-02 22:32:39'),
(337, 337, 68, '110.00', 0, NULL, '2026-06-02 22:32:39'),
(338, 338, 69, '125.00', 0, NULL, '2026-06-02 22:32:39'),
(339, 339, 70, '51.00', 0, NULL, '2026-06-02 22:32:39'),
(340, 340, 108, '1.00', 0, NULL, '2026-06-04 22:32:09'),
(341, 341, 109, '50.00', 0, NULL, '2026-06-04 22:42:58'),
(342, 342, 108, '3.00', 1, 'Não achei', '2026-06-04 22:46:10'),
(343, 343, 110, '20.00', 0, NULL, '2026-06-04 22:47:43'),
(344, 344, 111, '50.00', 0, NULL, '2026-06-04 22:48:15'),
(345, 345, 111, '50.00', 0, NULL, '2026-06-04 22:48:56'),
(346, 346, 110, '4.00', 0, NULL, '2026-06-04 23:08:06'),
(347, 347, 112, '4.00', 0, NULL, '2026-06-04 23:08:06'),
(348, 348, 11, '4.00', 0, NULL, '2026-06-06 18:45:09'),
(349, 349, 95, '20.00', 0, NULL, '2026-06-07 02:39:17'),
(350, 350, 11, '6.00', 0, NULL, '2026-06-09 22:54:14'),
(351, 351, 103, '4.00', 0, NULL, '2026-06-16 19:49:49');

DROP TABLE IF EXISTS `movimentacoes`;
CREATE TABLE `movimentacoes` (
  `id` int(11) NOT NULL AUTO_INCREMENT,
  `produto_id` int(11) NOT NULL,
  `usuario_id` int(11) NOT NULL,
  `tipo` enum('entrada','saida','desperdicio','ajuste') NOT NULL,
  `quantidade` decimal(10,2) DEFAULT NULL,
  `estoque_antes` decimal(10,2) DEFAULT NULL,
  `estoque_depois` decimal(10,2) DEFAULT NULL,
  `usuario_nome` varchar(100) DEFAULT NULL,
  `produto_nome` varchar(150) DEFAULT NULL,
  `observacao` text DEFAULT NULL,
  `criado_em` datetime DEFAULT current_timestamp(),
  `estoque_id` int(11) NOT NULL,
  PRIMARY KEY (`id`),
  KEY `idx_movimentacoes_produto` (`produto_id`),
  KEY `idx_movimentacoes_usuario` (`usuario_id`),
  KEY `idx_movimentacoes_estoque` (`estoque_id`),
  CONSTRAINT `fk_movimentacoes_estoque` FOREIGN KEY (`estoque_id`) REFERENCES `estoques` (`id`),
  CONSTRAINT `movimentacoes_ibfk_1` FOREIGN KEY (`produto_id`) REFERENCES `produtos` (`id`),
  CONSTRAINT `movimentacoes_ibfk_2` FOREIGN KEY (`usuario_id`) REFERENCES `usuarios` (`id`)
) ENGINE=InnoDB AUTO_INCREMENT=352 DEFAULT CHARSET=utf8mb4 COLLATE=utf8mb4_general_ci;

INSERT INTO `movimentacoes` (`id`, `produto_id`, `usuario_id`, `tipo`, `quantidade`, `estoque_antes`, `estoque_depois`, `usuario_nome`, `produto_nome`, `observacao`, `criado_em`, `estoque_id`) VALUES
(1, 1, 3, 'entrada', '81.00', '0.00', '81.00', 'Derci', 'Coca-Cola Original 600ml', 'Entrada inicial de abastecimento', '2026-01-04 13:01:00', 1),
(2, 1, 3, 'saida', '6.00', '81.00', '75.00', 'Derci', 'Coca-Cola Original 600ml', 'Saida operacional para consumo/venda', '2026-02-06 15:02:00', 1),
(3, 1, 3, 'desperdicio', '75.00', '75.00', '0.00', 'Derci', 'Coca-Cola Original 600ml', 'Desperdicio registrado: Produto vencido', '2026-01-12 13:03:00', 1),
(4, 2, 4, 'entrada', '82.00', '0.00', '82.00', 'Erica', 'Coca-Cola Zero 600ml', 'Entrada inicial de abastecimento', '2026-01-07 14:02:00', 1),
(5, 2, 4, 'saida', '7.00', '82.00', '75.00', 'Erica', 'Coca-Cola Zero 600ml', 'Saida operacional para consumo/venda', '2026-02-11 16:04:00', 1),
(6, 2, 4, 'saida', '5.00', '75.00', '70.00', 'Erica', 'Coca-Cola Zero 600ml', 'Saida operacional complementar', '2026-03-15 17:08:00', 1),
(7, 2, 4, 'desperdicio', '70.00', '70.00', '0.00', 'Erica', 'Coca-Cola Zero 600ml', 'Desperdicio registrado: Produto vencido', '2026-01-23 14:06:00', 1),
(8, 3, 5, 'entrada', '83.00', '0.00', '83.00', 'Juliane', 'Fanta Laranja 600ml', 'Entrada inicial de abastecimento', '2026-01-10 15:03:00', 1),
(9, 3, 5, 'saida', '8.00', '83.00', '75.00', 'Juliane', 'Fanta Laranja 600ml', 'Saida operacional para consumo/venda', '2026-02-16 17:06:00', 1),
(10, 3, 5, 'desperdicio', '75.00', '75.00', '0.00', 'Juliane', 'Fanta Laranja 600ml', 'Desperdicio registrado: Produto vencido', '2026-02-03 15:09:00', 1),
(11, 4, 6, 'entrada', '84.00', '0.00', '84.00', 'Mylena', 'Sprite Original 600ml', 'Entrada inicial de abastecimento', '2026-01-13 16:04:00', 1),
(12, 4, 6, 'saida', '9.00', '84.00', '75.00', 'Mylena', 'Sprite Original 600ml', 'Saida operacional para consumo/venda', '2026-02-21 18:08:00', 1),
(13, 4, 6, 'saida', '7.00', '75.00', '68.00', 'Mylena', 'Sprite Original 600ml', 'Saida operacional complementar', '2026-03-29 19:16:00', 1),
(14, 4, 6, 'desperdicio', '68.00', '68.00', '0.00', 'Mylena', 'Sprite Original 600ml', 'Desperdicio registrado: Produto vencido', '2026-02-14 16:12:00', 1),
(15, 5, 7, 'entrada', '85.00', '0.00', '85.00', 'Julio', 'Guarana Antarctica 600ml', 'Entrada inicial de abastecimento', '2026-01-16 17:05:00', 1),
(16, 5, 7, 'saida', '10.00', '85.00', '75.00', 'Julio', 'Guarana Antarctica 600ml', 'Saida operacional para consumo/venda', '2026-02-26 19:10:00', 1),
(17, 5, 7, 'desperdicio', '75.00', '75.00', '0.00', 'Julio', 'Guarana Antarctica 600ml', 'Desperdicio registrado: Produto vencido', '2026-02-25 17:15:00', 1),
(18, 6, 8, 'entrada', '86.00', '0.00', '86.00', 'Natalia', 'Pepsi Cola 600ml', 'Entrada inicial de abastecimento', '2026-01-19 18:06:00', 1),
(19, 6, 8, 'saida', '11.00', '86.00', '75.00', 'Natalia', 'Pepsi Cola 600ml', 'Saida operacional para consumo/venda', '2026-03-03 20:12:00', 1),
(20, 6, 8, 'saida', '9.00', '75.00', '66.00', 'Natalia', 'Pepsi Cola 600ml', 'Saida operacional complementar', '2026-04-12 21:24:00', 1),
(21, 6, 8, 'desperdicio', '66.00', '66.00', '0.00', 'Natalia', 'Pepsi Cola 600ml', 'Desperdicio registrado: Produto vencido', '2026-03-08 18:18:00', 1),
(22, 7, 9, 'entrada', '87.00', '0.00', '87.00', 'Rhuam', 'Schweppes Citrus 350ml', 'Entrada inicial de abastecimento', '2026-01-22 19:07:00', 1),
(23, 7, 9, 'saida', '12.00', '87.00', '75.00', 'Rhuam', 'Schweppes Citrus 350ml', 'Saida operacional para consumo/venda', '2026-03-08 21:14:00', 1),
(24, 7, 9, 'desperdicio', '75.00', '75.00', '0.00', 'Rhuam', 'Schweppes Citrus 350ml', 'Desperdicio registrado: Produto vencido', '2026-03-19 19:21:00', 1),
(25, 8, 10, 'entrada', '88.00', '0.00', '88.00', 'Jose', 'Coca-Cola Original Lata 350ml', 'Entrada inicial de abastecimento', '2026-01-25 20:08:00', 1),
(26, 8, 10, 'saida', '13.00', '88.00', '75.00', 'Jose', 'Coca-Cola Original Lata 350ml', 'Saida operacional para consumo/venda', '2026-03-13 14:16:00', 1),
(27, 8, 10, 'saida', '11.00', '75.00', '64.00', 'Jose', 'Coca-Cola Original Lata 350ml', 'Saida operacional complementar', '2026-04-26 16:32:00', 1),
(28, 8, 10, 'desperdicio', '64.00', '64.00', '0.00', 'Jose', 'Coca-Cola Original Lata 350ml', 'Desperdicio registrado: Produto vencido', '2026-03-30 20:24:00', 1),
(29, 9, 2, 'entrada', '89.00', '0.00', '89.00', 'João Victor', 'Agua Crystal Sem Gas 500ml', 'Entrada inicial de abastecimento', '2026-01-28 12:09:00', 1),
(30, 9, 2, 'saida', '14.00', '89.00', '75.00', 'João Victor', 'Agua Crystal Sem Gas 500ml', 'Saida operacional para consumo/venda', '2026-03-18 15:18:00', 1),
(31, 9, 2, 'desperdicio', '75.00', '75.00', '0.00', 'João Victor', 'Agua Crystal Sem Gas 500ml', 'Desperdicio registrado: Produto vencido', '2026-04-10 21:27:00', 1),
(32, 10, 3, 'entrada', '90.00', '0.00', '90.00', 'Derci', 'Agua Crystal Com Gas 500ml', 'Entrada inicial de abastecimento', '2026-01-31 13:10:00', 1),
(33, 10, 3, 'saida', '15.00', '90.00', '75.00', 'Derci', 'Agua Crystal Com Gas 500ml', 'Saida operacional para consumo/venda', '2026-03-23 16:20:00', 1),
(34, 10, 3, 'saida', '13.00', '75.00', '62.00', 'Derci', 'Agua Crystal Com Gas 500ml', 'Saida operacional complementar', '2026-05-10 18:40:00', 1),
(35, 10, 3, 'desperdicio', '62.00', '62.00', '0.00', 'Derci', 'Agua Crystal Com Gas 500ml', 'Desperdicio registrado: Produto vencido', '2026-04-21 12:30:00', 1),
(36, 11, 4, 'entrada', '91.00', '0.00', '91.00', 'Erica', 'Agua Bonafont 500ml', 'Entrada inicial de abastecimento', '2026-02-03 14:11:00', 1),
(37, 11, 4, 'saida', '16.00', '91.00', '75.00', 'Erica', 'Agua Bonafont 500ml', 'Saida operacional para consumo/venda', '2026-03-28 17:22:00', 1),
(38, 11, 4, 'desperdicio', '75.00', '75.00', '0.00', 'Erica', 'Agua Bonafont 500ml', 'Desperdicio registrado: Produto vencido', '2026-05-02 13:33:00', 1),
(39, 12, 5, 'entrada', '92.00', '0.00', '92.00', 'Juliane', 'Agua Minalba 510ml', 'Entrada inicial de abastecimento', '2026-02-06 15:12:00', 1),
(40, 12, 5, 'saida', '17.00', '92.00', '75.00', 'Juliane', 'Agua Minalba 510ml', 'Saida operacional para consumo/venda', '2026-04-02 18:24:00', 1),
(41, 12, 5, 'saida', '15.00', '75.00', '60.00', 'Juliane', 'Agua Minalba 510ml', 'Saida operacional complementar', '2026-03-05 20:48:00', 1),
(42, 12, 5, 'desperdicio', '60.00', '60.00', '0.00', 'Juliane', 'Agua Minalba 510ml', 'Desperdicio registrado: Produto vencido', '2026-05-13 14:36:00', 1),
(43, 13, 6, 'entrada', '93.00', '0.00', '93.00', 'Mylena', 'Agua Sao Lourenco Com Gas 300ml', 'Entrada inicial de abastecimento', '2026-02-09 16:13:00', 1),
(44, 13, 6, 'saida', '18.00', '93.00', '75.00', 'Mylena', 'Agua Sao Lourenco Com Gas 300ml', 'Saida operacional para consumo/venda', '2026-04-07 19:26:00', 1),
(45, 13, 6, 'desperdicio', '75.00', '75.00', '0.00', 'Mylena', 'Agua Sao Lourenco Com Gas 300ml', 'Desperdicio registrado: Produto vencido', '2026-01-05 15:39:00', 1),
(46, 14, 7, 'entrada', '94.00', '0.00', '94.00', 'Julio', 'Del Valle Uva 290ml', 'Entrada inicial de abastecimento', '2026-02-12 17:14:00', 1),
(47, 14, 7, 'saida', '19.00', '94.00', '75.00', 'Julio', 'Del Valle Uva 290ml', 'Saida operacional para consumo/venda', '2026-04-12 20:28:00', 1),
(48, 14, 7, 'saida', '3.00', '75.00', '72.00', 'Julio', 'Del Valle Uva 290ml', 'Saida operacional complementar', '2026-03-19 15:56:00', 1),
(49, 14, 7, 'desperdicio', '72.00', '72.00', '0.00', 'Julio', 'Del Valle Uva 290ml', 'Desperdicio registrado: Produto vencido', '2026-01-16 16:42:00', 1),
(50, 15, 8, 'entrada', '95.00', '0.00', '95.00', 'Natalia', 'Del Valle Pessego 290ml', 'Entrada inicial de abastecimento', '2026-02-15 18:15:00', 1),
(51, 15, 8, 'saida', '20.00', '95.00', '75.00', 'Natalia', 'Del Valle Pessego 290ml', 'Saida operacional para consumo/venda', '2026-04-17 21:30:00', 1),
(52, 15, 8, 'desperdicio', '75.00', '75.00', '0.00', 'Natalia', 'Del Valle Pessego 290ml', 'Desperdicio registrado: Produto vencido', '2026-01-27 17:45:00', 1),
(53, 16, 9, 'entrada', '96.00', '0.00', '96.00', 'Rhuam', 'Del Valle Manga 290ml', 'Entrada inicial de abastecimento', '2026-02-18 19:16:00', 1),
(54, 16, 9, 'saida', '21.00', '96.00', '75.00', 'Rhuam', 'Del Valle Manga 290ml', 'Saida operacional para consumo/venda', '2026-04-22 14:32:00', 1),
(55, 16, 9, 'saida', '5.00', '75.00', '70.00', 'Rhuam', 'Del Valle Manga 290ml', 'Saida operacional complementar', '2026-04-02 17:04:00', 1),
(56, 16, 9, 'desperdicio', '70.00', '70.00', '0.00', 'Rhuam', 'Del Valle Manga 290ml', 'Desperdicio registrado: Produto vencido', '2026-02-07 18:48:00', 1),
(57, 17, 10, 'entrada', '97.00', '0.00', '97.00', 'Jose', 'Natural One Laranja 300ml', 'Entrada inicial de abastecimento', '2026-01-02 20:17:00', 1),
(58, 17, 10, 'saida', '22.00', '97.00', '75.00', 'Jose', 'Natural One Laranja 300ml', 'Saida operacional para consumo/venda', '2026-02-01 15:34:00', 1),
(59, 17, 10, 'desperdicio', '75.00', '75.00', '0.00', 'Jose', 'Natural One Laranja 300ml', 'Desperdicio registrado: Produto vencido', '2026-02-18 19:51:00', 1),
(60, 18, 2, 'entrada', '98.00', '0.00', '98.00', 'João Victor', 'Natural One Uva 300ml', 'Entrada inicial de abastecimento', '2026-01-05 12:18:00', 1),
(61, 18, 2, 'saida', '23.00', '98.00', '75.00', 'João Victor', 'Natural One Uva 300ml', 'Saida operacional para consumo/venda', '2026-02-06 16:36:00', 1),
(62, 18, 2, 'saida', '7.00', '75.00', '68.00', 'João Victor', 'Natural One Uva 300ml', 'Saida operacional complementar', '2026-04-16 19:12:00', 1),
(63, 18, 2, 'desperdicio', '68.00', '68.00', '0.00', 'João Victor', 'Natural One Uva 300ml', 'Desperdicio registrado: Produto vencido', '2026-03-01 20:54:00', 1),
(64, 19, 3, 'entrada', '99.00', '0.00', '99.00', 'Derci', 'KitKat Ao Leite', 'Entrada inicial de abastecimento', '2026-01-08 13:19:00', 1),
(65, 19, 3, 'saida', '24.00', '99.00', '75.00', 'Derci', 'KitKat Ao Leite', 'Saida operacional para consumo/venda', '2026-02-11 17:38:00', 1),
(66, 19, 3, 'desperdicio', '75.00', '75.00', '0.00', 'Derci', 'KitKat Ao Leite', 'Desperdicio registrado: Produto vencido', '2026-03-12 21:57:00', 1),
(67, 20, 4, 'entrada', '100.00', '0.00', '100.00', 'Erica', 'KitKat Branco', 'Entrada inicial de abastecimento', '2026-01-11 14:20:00', 1),
(68, 20, 4, 'saida', '25.00', '100.00', '75.00', 'Erica', 'KitKat Branco', 'Saida operacional para consumo/venda', '2026-02-16 18:40:00', 1),
(69, 20, 4, 'saida', '9.00', '75.00', '66.00', 'Erica', 'KitKat Branco', 'Saida operacional complementar', '2026-04-30 21:20:00', 1),
(70, 20, 4, 'desperdicio', '66.00', '66.00', '0.00', 'Erica', 'KitKat Branco', 'Desperdicio registrado: Produto vencido', '2026-03-23 12:00:00', 1),
(71, 21, 5, 'entrada', '101.00', '0.00', '101.00', 'Juliane', 'Bis Xtra Chocolate', 'Entrada inicial de abastecimento', '2026-01-14 15:21:00', 1),
(72, 21, 5, 'saida', '26.00', '101.00', '75.00', 'Juliane', 'Bis Xtra Chocolate', 'Saida operacional para consumo/venda', '2026-02-21 19:42:00', 1),
(73, 21, 5, 'desperdicio', '75.00', '75.00', '0.00', 'Juliane', 'Bis Xtra Chocolate', 'Desperdicio registrado: Produto vencido', '2026-04-03 13:03:00', 1),
(74, 22, 6, 'entrada', '102.00', '0.00', '102.00', 'Mylena', 'Twix Chocolate', 'Entrada inicial de abastecimento', '2026-01-17 16:22:00', 1),
(75, 22, 6, 'saida', '27.00', '102.00', '75.00', 'Mylena', 'Twix Chocolate', 'Saida operacional para consumo/venda', '2026-02-26 20:44:00', 1),
(76, 22, 6, 'saida', '11.00', '75.00', '64.00', 'Mylena', 'Twix Chocolate', 'Saida operacional complementar', '2026-05-14 16:28:00', 1),
(77, 22, 6, 'desperdicio', '64.00', '64.00', '0.00', 'Mylena', 'Twix Chocolate', 'Desperdicio registrado: Produto vencido', '2026-04-14 14:06:00', 1),
(78, 23, 7, 'entrada', '103.00', '0.00', '103.00', 'Julio', 'Snickers Chocolate', 'Entrada inicial de abastecimento', '2026-01-20 17:23:00', 1),
(79, 23, 7, 'saida', '28.00', '103.00', '75.00', 'Julio', 'Snickers Chocolate', 'Saida operacional para consumo/venda', '2026-03-03 21:46:00', 1),
(80, 23, 7, 'desperdicio', '75.00', '75.00', '0.00', 'Julio', 'Snickers Chocolate', 'Desperdicio registrado: Produto vencido', '2026-04-25 15:09:00', 1),
(81, 24, 8, 'entrada', '104.00', '0.00', '104.00', 'Natalia', 'M&M Chocolate', 'Entrada inicial de abastecimento', '2026-01-23 18:24:00', 1),
(82, 24, 8, 'saida', '29.00', '104.00', '75.00', 'Natalia', 'M&M Chocolate', 'Saida operacional para consumo/venda', '2026-03-08 14:48:00', 1),
(83, 24, 8, 'saida', '13.00', '75.00', '62.00', 'Natalia', 'M&M Chocolate', 'Saida operacional complementar', '2026-03-09 18:36:00', 1),
(84, 24, 8, 'desperdicio', '62.00', '62.00', '0.00', 'Natalia', 'M&M Chocolate', 'Desperdicio registrado: Produto vencido', '2026-05-06 16:12:00', 1),
(85, 25, 9, 'entrada', '105.00', '0.00', '105.00', 'Rhuam', 'M&M Amendoim', 'Entrada inicial de abastecimento', '2026-01-26 19:25:00', 1),
(86, 25, 9, 'saida', '5.00', '105.00', '100.00', 'Rhuam', 'M&M Amendoim', 'Saida operacional para consumo/venda', '2026-03-13 15:50:00', 1),
(87, 25, 9, 'desperdicio', '100.00', '100.00', '0.00', 'Rhuam', 'M&M Amendoim', 'Desperdicio registrado: Produto vencido', '2026-05-17 17:15:00', 1),
(88, 26, 10, 'entrada', '106.00', '0.00', '106.00', 'Jose', 'Lacta Ao Leite 90g', 'Entrada inicial de abastecimento', '2026-01-29 20:26:00', 1),
(89, 26, 10, 'saida', '6.00', '106.00', '100.00', 'Jose', 'Lacta Ao Leite 90g', 'Saida operacional para consumo/venda', '2026-03-18 16:52:00', 1),
(90, 26, 10, 'saida', '15.00', '100.00', '85.00', 'Jose', 'Lacta Ao Leite 90g', 'Saida operacional complementar', '2026-03-23 20:44:00', 1),
(91, 26, 10, 'desperdicio', '85.00', '85.00', '0.00', 'Jose', 'Lacta Ao Leite 90g', 'Desperdicio registrado: Produto vencido', '2026-01-09 18:18:00', 1),
(92, 27, 2, 'entrada', '107.00', '0.00', '107.00', 'João Victor', 'Hersheys Cookies n Creme', 'Entrada inicial de abastecimento', '2026-02-01 12:27:00', 1),
(93, 27, 2, 'saida', '7.00', '107.00', '100.00', 'João Victor', 'Hersheys Cookies n Creme', 'Saida operacional para consumo/venda', '2026-03-23 17:54:00', 1),
(94, 27, 2, 'desperdicio', '100.00', '100.00', '0.00', 'João Victor', 'Hersheys Cookies n Creme', 'Desperdicio registrado: Produto vencido', '2026-01-20 19:21:00', 1),
(95, 28, 3, 'entrada', '108.00', '0.00', '108.00', 'Derci', 'Kinder Bueno', 'Entrada inicial de abastecimento', '2026-02-04 13:28:00', 1),
(96, 28, 3, 'saida', '8.00', '108.00', '100.00', 'Derci', 'Kinder Bueno', 'Saida operacional para consumo/venda', '2026-03-28 18:56:00', 1),
(97, 28, 3, 'saida', '3.00', '100.00', '97.00', 'Derci', 'Kinder Bueno', 'Saida operacional complementar', '2026-04-06 15:52:00', 1),
(98, 28, 3, 'desperdicio', '97.00', '97.00', '0.00', 'Derci', 'Kinder Bueno', 'Desperdicio registrado: Produto vencido', '2026-01-31 20:24:00', 1),
(99, 29, 4, 'entrada', '109.00', '0.00', '109.00', 'Erica', 'Doritos Queijo Nacho 84g', 'Entrada inicial de abastecimento', '2026-02-07 14:29:00', 1),
(100, 29, 4, 'saida', '9.00', '109.00', '100.00', 'Erica', 'Doritos Queijo Nacho 84g', 'Saida operacional para consumo/venda', '2026-04-02 19:58:00', 1),
(101, 29, 4, 'desperdicio', '100.00', '100.00', '0.00', 'Erica', 'Doritos Queijo Nacho 84g', 'Desperdicio registrado: Produto vencido', '2026-02-11 21:27:00', 1),
(102, 30, 5, 'entrada', '110.00', '0.00', '110.00', 'Juliane', 'Doritos Sweet Chili 84g', 'Entrada inicial de abastecimento', '2026-02-10 15:30:00', 1),
(103, 30, 5, 'saida', '10.00', '110.00', '100.00', 'Juliane', 'Doritos Sweet Chili 84g', 'Saida operacional para consumo/venda', '2026-04-07 20:00:00', 1),
(104, 30, 5, 'saida', '5.00', '100.00', '95.00', 'Juliane', 'Doritos Sweet Chili 84g', 'Saida operacional complementar', '2026-04-20 17:00:00', 1),
(105, 30, 5, 'desperdicio', '95.00', '95.00', '0.00', 'Juliane', 'Doritos Sweet Chili 84g', 'Desperdicio registrado: Produto vencido', '2026-02-22 12:30:00', 1),
(106, 31, 6, 'entrada', '111.00', '0.00', '111.00', 'Mylena', 'Ruffles Original 76g', 'Entrada inicial de abastecimento', '2026-02-13 16:31:00', 1),
(107, 31, 6, 'saida', '11.00', '111.00', '100.00', 'Mylena', 'Ruffles Original 76g', 'Saida operacional para consumo/venda', '2026-04-12 21:02:00', 1),
(108, 31, 6, 'desperdicio', '100.00', '100.00', '0.00', 'Mylena', 'Ruffles Original 76g', 'Desperdicio registrado: Produto vencido', '2026-03-05 13:33:00', 1),
(109, 32, 7, 'entrada', '112.00', '0.00', '112.00', 'Julio', 'Cheetos Requeijao 76g', 'Entrada inicial de abastecimento', '2026-02-16 17:32:00', 1),
(110, 32, 7, 'saida', '12.00', '112.00', '100.00', 'Julio', 'Cheetos Requeijao 76g', 'Saida operacional para consumo/venda', '2026-04-17 14:04:00', 1),
(111, 32, 7, 'saida', '7.00', '100.00', '93.00', 'Julio', 'Cheetos Requeijao 76g', 'Saida operacional complementar', '2026-05-04 19:08:00', 1),
(112, 32, 7, 'desperdicio', '93.00', '93.00', '0.00', 'Julio', 'Cheetos Requeijao 76g', 'Desperdicio registrado: Produto vencido', '2026-03-16 14:36:00', 1),
(113, 33, 8, 'entrada', '113.00', '0.00', '113.00', 'Natalia', 'Fandangos Presunto 59g', 'Entrada inicial de abastecimento', '2026-02-19 18:33:00', 1),
(114, 33, 8, 'saida', '13.00', '113.00', '100.00', 'Natalia', 'Fandangos Presunto 59g', 'Saida operacional para consumo/venda', '2026-04-22 15:06:00', 1),
(115, 33, 8, 'desperdicio', '100.00', '100.00', '0.00', 'Natalia', 'Fandangos Presunto 59g', 'Desperdicio registrado: Produto vencido', '2026-03-27 15:39:00', 1),
(116, 34, 9, 'entrada', '114.00', '0.00', '114.00', 'Rhuam', 'Tostitos Salsa 90g', 'Entrada inicial de abastecimento', '2026-01-03 19:34:00', 1),
(117, 34, 9, 'saida', '14.00', '114.00', '100.00', 'Rhuam', 'Tostitos Salsa 90g', 'Saida operacional para consumo/venda', '2026-02-01 16:08:00', 1),
(118, 34, 9, 'saida', '9.00', '100.00', '91.00', 'Rhuam', 'Tostitos Salsa 90g', 'Saida operacional complementar', '2026-05-18 21:16:00', 1),
(119, 34, 9, 'desperdicio', '91.00', '91.00', '0.00', 'Rhuam', 'Tostitos Salsa 90g', 'Desperdicio registrado: Produto vencido', '2026-04-07 16:42:00', 1),
(120, 35, 10, 'entrada', '115.00', '0.00', '115.00', 'Jose', 'Amendoim Japones Dori', 'Entrada inicial de abastecimento', '2026-01-06 20:35:00', 1),
(121, 35, 10, 'saida', '15.00', '115.00', '100.00', 'Jose', 'Amendoim Japones Dori', 'Saida operacional para consumo/venda', '2026-02-06 17:10:00', 1),
(122, 35, 10, 'desperdicio', '100.00', '100.00', '0.00', 'Jose', 'Amendoim Japones Dori', 'Desperdicio registrado: Produto vencido', '2026-04-18 17:45:00', 1),
(123, 36, 2, 'entrada', '116.00', '0.00', '116.00', 'João Victor', 'Pringles Original', 'Entrada inicial de abastecimento', '2026-01-09 12:36:00', 1),
(124, 36, 2, 'saida', '16.00', '116.00', '100.00', 'João Victor', 'Pringles Original', 'Saida operacional para consumo/venda', '2026-02-11 18:12:00', 1),
(125, 36, 2, 'saida', '11.00', '100.00', '89.00', 'João Victor', 'Pringles Original', 'Saida operacional complementar', '2026-03-13 16:24:00', 1),
(126, 36, 2, 'desperdicio', '89.00', '89.00', '0.00', 'João Victor', 'Pringles Original', 'Desperdicio registrado: Produto vencido', '2026-04-29 18:48:00', 1),
(127, 37, 3, 'entrada', '117.00', '0.00', '117.00', 'Derci', 'Pipoca Salgada P', 'Entrada inicial de abastecimento', '2026-01-12 13:37:00', 1),
(128, 37, 3, 'saida', '17.00', '117.00', '100.00', 'Derci', 'Pipoca Salgada P', 'Saida operacional para consumo/venda', '2026-02-16 19:14:00', 1),
(129, 37, 3, 'desperdicio', '100.00', '100.00', '0.00', 'Derci', 'Pipoca Salgada P', 'Desperdicio registrado: Produto vencido', '2026-05-10 19:51:00', 1),
(130, 38, 4, 'entrada', '118.00', '0.00', '118.00', 'Erica', 'Pipoca Salgada M', 'Entrada inicial de abastecimento', '2026-01-15 14:38:00', 1),
(131, 38, 4, 'saida', '18.00', '118.00', '100.00', 'Erica', 'Pipoca Salgada M', 'Saida operacional para consumo/venda', '2026-02-21 20:16:00', 1),
(132, 38, 4, 'saida', '13.00', '100.00', '87.00', 'Erica', 'Pipoca Salgada M', 'Saida operacional complementar', '2026-03-27 18:32:00', 1),
(133, 38, 4, 'desperdicio', '87.00', '87.00', '0.00', 'Erica', 'Pipoca Salgada M', 'Desperdicio registrado: Produto vencido', '2026-01-02 20:54:00', 1),
(134, 39, 5, 'entrada', '119.00', '0.00', '119.00', 'Juliane', 'Pipoca Salgada G', 'Entrada inicial de abastecimento', '2026-01-18 15:39:00', 1),
(135, 39, 5, 'saida', '19.00', '119.00', '100.00', 'Juliane', 'Pipoca Salgada G', 'Saida operacional para consumo/venda', '2026-02-26 21:18:00', 1),
(136, 39, 5, 'desperdicio', '100.00', '100.00', '0.00', 'Juliane', 'Pipoca Salgada G', 'Desperdicio registrado: Produto vencido', '2026-01-13 21:57:00', 1),
(137, 40, 6, 'entrada', '120.00', '0.00', '120.00', 'Mylena', 'Pipoca Doce P', 'Entrada inicial de abastecimento', '2026-01-21 16:40:00', 1),
(138, 40, 6, 'saida', '20.00', '120.00', '100.00', 'Mylena', 'Pipoca Doce P', 'Saida operacional para consumo/venda', '2026-03-03 14:20:00', 1),
(139, 40, 6, 'saida', '15.00', '100.00', '85.00', 'Mylena', 'Pipoca Doce P', 'Saida operacional complementar', '2026-04-10 20:40:00', 1),
(140, 40, 6, 'desperdicio', '85.00', '85.00', '0.00', 'Mylena', 'Pipoca Doce P', 'Desperdicio registrado: Produto vencido', '2026-01-24 12:00:00', 1),
(141, 41, 7, 'entrada', '121.00', '0.00', '121.00', 'Julio', 'Pipoca Doce M', 'Entrada inicial de abastecimento', '2026-01-24 17:41:00', 1),
(142, 41, 7, 'saida', '21.00', '121.00', '100.00', 'Julio', 'Pipoca Doce M', 'Saida operacional para consumo/venda', '2026-03-08 15:22:00', 1),
(143, 41, 7, 'desperdicio', '100.00', '100.00', '0.00', 'Julio', 'Pipoca Doce M', 'Desperdicio registrado: Produto vencido', '2026-02-04 13:03:00', 1),
(144, 42, 8, 'entrada', '122.00', '0.00', '122.00', 'Natalia', 'Pipoca Doce G', 'Entrada inicial de abastecimento', '2026-01-27 18:42:00', 1),
(145, 42, 8, 'saida', '22.00', '122.00', '100.00', 'Natalia', 'Pipoca Doce G', 'Saida operacional para consumo/venda', '2026-03-13 16:24:00', 1),
(146, 42, 8, 'saida', '3.00', '100.00', '97.00', 'Natalia', 'Pipoca Doce G', 'Saida operacional complementar', '2026-04-24 15:48:00', 1),
(147, 42, 8, 'desperdicio', '97.00', '97.00', '0.00', 'Natalia', 'Pipoca Doce G', 'Desperdicio registrado: Produto vencido', '2026-02-15 14:06:00', 1),
(148, 43, 9, 'entrada', '123.00', '0.00', '123.00', 'Rhuam', 'Pipoca Balde Salgada', 'Entrada inicial de abastecimento', '2026-01-30 19:43:00', 1),
(149, 43, 9, 'saida', '23.00', '123.00', '100.00', 'Rhuam', 'Pipoca Balde Salgada', 'Saida operacional para consumo/venda', '2026-03-18 17:26:00', 1),
(150, 43, 9, 'desperdicio', '100.00', '100.00', '0.00', 'Rhuam', 'Pipoca Balde Salgada', 'Desperdicio registrado: Produto vencido', '2026-02-26 15:09:00', 1),
(151, 44, 10, 'entrada', '124.00', '0.00', '124.00', 'Jose', 'Pipoca Balde Doce', 'Entrada inicial de abastecimento', '2026-02-02 20:44:00', 1),
(152, 44, 10, 'saida', '24.00', '124.00', '100.00', 'Jose', 'Pipoca Balde Doce', 'Saida operacional para consumo/venda', '2026-03-23 18:28:00', 1),
(153, 44, 10, 'saida', '5.00', '100.00', '95.00', 'Jose', 'Pipoca Balde Doce', 'Saida operacional complementar', '2026-05-08 17:56:00', 1),
(154, 44, 10, 'desperdicio', '95.00', '95.00', '0.00', 'Jose', 'Pipoca Balde Doce', 'Desperdicio registrado: Produto vencido', '2026-03-09 16:12:00', 1),
(155, 45, 2, 'entrada', '125.00', '0.00', '125.00', 'João Victor', 'Magnum Classico', 'Entrada inicial de abastecimento', '2026-02-05 12:45:00', 1),
(156, 45, 2, 'saida', '25.00', '125.00', '100.00', 'João Victor', 'Magnum Classico', 'Saida operacional para consumo/venda', '2026-03-28 19:30:00', 1),
(157, 45, 2, 'desperdicio', '100.00', '100.00', '0.00', 'João Victor', 'Magnum Classico', 'Desperdicio registrado: Produto vencido', '2026-03-20 17:15:00', 1),
(158, 46, 3, 'entrada', '126.00', '0.00', '126.00', 'Derci', 'Magnum Branco', 'Entrada inicial de abastecimento', '2026-02-08 13:46:00', 1),
(159, 46, 3, 'saida', '26.00', '126.00', '100.00', 'Derci', 'Magnum Branco', 'Saida operacional para consumo/venda', '2026-04-02 20:32:00', 1),
(160, 46, 3, 'saida', '7.00', '100.00', '93.00', 'Derci', 'Magnum Branco', 'Saida operacional complementar', '2026-03-03 19:04:00', 1),
(161, 46, 3, 'desperdicio', '93.00', '93.00', '0.00', 'Derci', 'Magnum Branco', 'Desperdicio registrado: Produto vencido', '2026-03-31 18:18:00', 1),
(162, 47, 4, 'entrada', '127.00', '0.00', '127.00', 'Erica', 'Cornetto Chocolate', 'Entrada inicial de abastecimento', '2026-02-11 14:47:00', 1),
(163, 47, 4, 'saida', '27.00', '127.00', '100.00', 'Erica', 'Cornetto Chocolate', 'Saida operacional para consumo/venda', '2026-04-07 21:34:00', 1),
(164, 47, 4, 'desperdicio', '100.00', '100.00', '0.00', 'Erica', 'Cornetto Chocolate', 'Desperdicio registrado: Produto vencido', '2026-04-11 19:21:00', 1),
(165, 48, 5, 'entrada', '128.00', '0.00', '128.00', 'Juliane', 'Cornetto Morango', 'Entrada inicial de abastecimento', '2026-02-14 15:48:00', 1),
(166, 48, 5, 'saida', '28.00', '128.00', '100.00', 'Juliane', 'Cornetto Morango', 'Saida operacional para consumo/venda', '2026-04-12 14:36:00', 1),
(167, 48, 5, 'saida', '9.00', '100.00', '91.00', 'Juliane', 'Cornetto Morango', 'Saida operacional complementar', '2026-03-17 21:12:00', 1),
(168, 48, 5, 'desperdicio', '91.00', '91.00', '0.00', 'Juliane', 'Cornetto Morango', 'Desperdicio registrado: Produto vencido', '2026-04-22 20:24:00', 1),
(169, 49, 6, 'entrada', '129.00', '0.00', '129.00', 'Mylena', 'Picole Fruttare Limao', 'Entrada inicial de abastecimento', '2026-02-17 16:49:00', 1),
(170, 49, 6, 'saida', '29.00', '129.00', '100.00', 'Mylena', 'Picole Fruttare Limao', 'Saida operacional para consumo/venda', '2026-04-17 15:38:00', 1),
(171, 49, 6, 'desperdicio', '100.00', '100.00', '0.00', 'Mylena', 'Picole Fruttare Limao', 'Desperdicio registrado: Produto vencido', '2026-05-03 21:27:00', 1),
(172, 50, 7, 'entrada', '130.00', '0.00', '130.00', 'Julio', 'Picole Fruttare Uva', 'Entrada inicial de abastecimento', '2026-01-01 17:50:00', 1),
(173, 50, 7, 'saida', '5.00', '130.00', '125.00', 'Julio', 'Picole Fruttare Uva', 'Saida operacional para consumo/venda', '2026-04-22 16:40:00', 1),
(174, 50, 7, 'saida', '11.00', '125.00', '114.00', 'Julio', 'Picole Fruttare Uva', 'Saida operacional complementar', '2026-03-31 16:20:00', 1),
(175, 50, 7, 'desperdicio', '114.00', '114.00', '0.00', 'Julio', 'Picole Fruttare Uva', 'Desperdicio registrado: Produto vencido', '2026-05-14 12:30:00', 1),
(176, 51, 8, 'entrada', '131.00', '0.00', '131.00', 'Natalia', 'Batata Congelada McCain 2kg', 'Entrada inicial de abastecimento', '2026-01-04 18:51:00', 1),
(177, 51, 8, 'saida', '6.00', '131.00', '125.00', 'Natalia', 'Batata Congelada McCain 2kg', 'Saida operacional para consumo/venda', '2026-02-01 17:42:00', 1),
(178, 52, 9, 'entrada', '132.00', '0.00', '132.00', 'Rhuam', 'Nuggets Sadia 1kg', 'Entrada inicial de abastecimento', '2026-01-07 19:52:00', 1),
(179, 52, 9, 'saida', '7.00', '132.00', '125.00', 'Rhuam', 'Nuggets Sadia 1kg', 'Saida operacional para consumo/venda', '2026-02-06 18:44:00', 1),
(180, 52, 9, 'saida', '13.00', '125.00', '112.00', 'Rhuam', 'Nuggets Sadia 1kg', 'Saida operacional complementar', '2026-04-14 18:28:00', 1),
(181, 53, 10, 'entrada', '133.00', '0.00', '133.00', 'Jose', 'Hamburguer Bovino Seara 1kg', 'Entrada inicial de abastecimento', '2026-01-10 20:53:00', 1),
(182, 53, 10, 'saida', '8.00', '133.00', '125.00', 'Jose', 'Hamburguer Bovino Seara 1kg', 'Saida operacional para consumo/venda', '2026-02-11 19:46:00', 1),
(183, 54, 2, 'entrada', '134.00', '0.00', '134.00', 'João Victor', 'Queijo Mussarela Fatiado', 'Entrada inicial de abastecimento', '2026-01-13 12:54:00', 1),
(184, 54, 2, 'saida', '9.00', '134.00', '125.00', 'João Victor', 'Queijo Mussarela Fatiado', 'Saida operacional para consumo/venda', '2026-02-16 20:48:00', 1),
(185, 54, 2, 'saida', '15.00', '125.00', '110.00', 'João Victor', 'Queijo Mussarela Fatiado', 'Saida operacional complementar', '2026-04-28 20:36:00', 1),
(186, 55, 3, 'entrada', '135.00', '0.00', '135.00', 'Derci', 'Pao de Queijo Congelado', 'Entrada inicial de abastecimento', '2026-01-16 13:55:00', 1),
(187, 55, 3, 'saida', '10.00', '135.00', '125.00', 'Derci', 'Pao de Queijo Congelado', 'Saida operacional para consumo/venda', '2026-02-21 21:50:00', 1),
(188, 56, 4, 'entrada', '136.00', '0.00', '136.00', 'Erica', 'Espumante Salton Brut', 'Entrada inicial de abastecimento', '2026-01-19 14:56:00', 2),
(189, 56, 4, 'saida', '11.00', '136.00', '125.00', 'Erica', 'Espumante Salton Brut', 'Saida operacional para consumo/venda', '2026-02-26 14:52:00', 2),
(190, 56, 4, 'saida', '3.00', '125.00', '122.00', 'Erica', 'Espumante Salton Brut', 'Saida operacional complementar', '2026-05-12 15:44:00', 2),
(191, 56, 4, 'desperdicio', '2.00', '122.00', '120.00', 'Erica', 'Espumante Salton Brut', 'Desperdicio registrado: Produto danificado', '2026-03-02 15:44:00', 2),
(192, 57, 5, 'entrada', '137.00', '0.00', '137.00', 'Juliane', 'Vinho Miolo Tinto', 'Entrada inicial de abastecimento', '2026-01-22 15:57:00', 2),
(193, 57, 5, 'saida', '12.00', '137.00', '125.00', 'Juliane', 'Vinho Miolo Tinto', 'Saida operacional para consumo/venda', '2026-03-03 15:54:00', 2),
(194, 58, 6, 'entrada', '138.00', '0.00', '138.00', 'Mylena', 'Castanha de Caju Premium', 'Entrada inicial de abastecimento', '2026-01-25 16:58:00', 2),
(195, 58, 6, 'saida', '13.00', '138.00', '125.00', 'Mylena', 'Castanha de Caju Premium', 'Saida operacional para consumo/venda', '2026-03-08 16:56:00', 2),
(196, 58, 6, 'saida', '5.00', '125.00', '120.00', 'Mylena', 'Castanha de Caju Premium', 'Saida operacional complementar', '2026-03-07 17:52:00', 2),
(197, 59, 7, 'entrada', '139.00', '0.00', '139.00', 'Julio', 'Mix de Nuts Premium', 'Entrada inicial de abastecimento', '2026-01-28 17:59:00', 2),
(198, 59, 7, 'saida', '14.00', '139.00', '125.00', 'Julio', 'Mix de Nuts Premium', 'Saida operacional para consumo/venda', '2026-03-13 17:58:00', 2),
(199, 60, 8, 'entrada', '140.00', '0.00', '140.00', 'Natalia', 'Chocolate Lindt Excellence', 'Entrada inicial de abastecimento', '2026-01-31 18:00:00', 2),
(200, 60, 8, 'saida', '15.00', '140.00', '125.00', 'Natalia', 'Chocolate Lindt Excellence', 'Saida operacional para consumo/venda', '2026-03-18 18:00:00', 2),
(201, 60, 8, 'saida', '7.00', '125.00', '118.00', 'Natalia', 'Chocolate Lindt Excellence', 'Saida operacional complementar', '2026-03-21 19:00:00', 2),
(202, 61, 9, 'entrada', '141.00', '0.00', '141.00', 'Rhuam', 'Agua Perrier 330ml', 'Entrada inicial de abastecimento', '2026-02-03 19:01:00', 2),
(203, 61, 9, 'saida', '16.00', '141.00', '125.00', 'Rhuam', 'Agua Perrier 330ml', 'Saida operacional para consumo/venda', '2026-03-23 19:02:00', 2),
(204, 62, 10, 'entrada', '142.00', '0.00', '142.00', 'Jose', 'Red Bull Energy Drink', 'Entrada inicial de abastecimento', '2026-02-06 20:02:00', 2),
(205, 62, 10, 'saida', '17.00', '142.00', '125.00', 'Jose', 'Red Bull Energy Drink', 'Saida operacional para consumo/venda', '2026-03-28 20:04:00', 2),
(206, 62, 10, 'saida', '9.00', '125.00', '116.00', 'Jose', 'Red Bull Energy Drink', 'Saida operacional complementar', '2026-04-04 21:08:00', 2),
(207, 63, 2, 'entrada', '143.00', '0.00', '143.00', 'João Victor', 'Detergente Ype Neutro', 'Entrada inicial de abastecimento', '2026-02-09 12:03:00', 3),
(208, 63, 2, 'saida', '18.00', '143.00', '125.00', 'João Victor', 'Detergente Ype Neutro', 'Saida operacional para consumo/venda', '2026-04-02 21:06:00', 3),
(209, 63, 2, 'desperdicio', '4.00', '125.00', '121.00', 'João Victor', 'Detergente Ype Neutro', 'Desperdicio registrado: Sobra descartada', '2026-05-18 15:12:00', 3),
(210, 64, 3, 'entrada', '144.00', '0.00', '144.00', 'Derci', 'Agua Sanitaria Qboa 1L', 'Entrada inicial de abastecimento', '2026-02-12 13:04:00', 3),
(211, 64, 3, 'saida', '19.00', '144.00', '125.00', 'Derci', 'Agua Sanitaria Qboa 1L', 'Saida operacional para consumo/venda', '2026-04-07 14:08:00', 3),
(212, 64, 3, 'saida', '11.00', '125.00', '114.00', 'Derci', 'Agua Sanitaria Qboa 1L', 'Saida operacional complementar', '2026-04-18 16:16:00', 3),
(213, 65, 4, 'entrada', '145.00', '0.00', '145.00', 'Erica', 'Desinfetante Pinho Sol 1L', 'Entrada inicial de abastecimento', '2026-02-15 14:05:00', 3),
(214, 65, 4, 'saida', '20.00', '145.00', '125.00', 'Erica', 'Desinfetante Pinho Sol 1L', 'Saida operacional para consumo/venda', '2026-04-12 15:10:00', 3),
(215, 66, 5, 'entrada', '146.00', '0.00', '146.00', 'Juliane', 'Alcool 70% 1L', 'Entrada inicial de abastecimento', '2026-02-18 15:06:00', 3),
(216, 66, 5, 'saida', '21.00', '146.00', '125.00', 'Juliane', 'Alcool 70% 1L', 'Saida operacional para consumo/venda', '2026-04-17 16:12:00', 3),
(217, 66, 5, 'saida', '13.00', '125.00', '112.00', 'Juliane', 'Alcool 70% 1L', 'Saida operacional complementar', '2026-05-02 18:24:00', 3),
(218, 67, 6, 'entrada', '147.00', '0.00', '147.00', 'Mylena', 'Sabao em Po Omo 1kg', 'Entrada inicial de abastecimento', '2026-01-02 16:07:00', 3),
(219, 67, 6, 'saida', '22.00', '147.00', '125.00', 'Mylena', 'Sabao em Po Omo 1kg', 'Saida operacional para consumo/venda', '2026-04-22 17:14:00', 3),
(220, 68, 7, 'entrada', '148.00', '0.00', '148.00', 'Julio', 'Veja Multiuso 500ml', 'Entrada inicial de abastecimento', '2026-01-05 17:08:00', 3),
(221, 68, 7, 'saida', '23.00', '148.00', '125.00', 'Julio', 'Veja Multiuso 500ml', 'Saida operacional para consumo/venda', '2026-02-01 18:16:00', 3),
(222, 68, 7, 'saida', '15.00', '125.00', '110.00', 'Julio', 'Veja Multiuso 500ml', 'Saida operacional complementar', '2026-05-16 20:32:00', 3),
(223, 69, 8, 'entrada', '149.00', '0.00', '149.00', 'Natalia', 'Luva Descartavel Caixa', 'Entrada inicial de abastecimento', '2026-01-08 18:09:00', 3),
(224, 69, 8, 'saida', '24.00', '149.00', '125.00', 'Natalia', 'Luva Descartavel Caixa', 'Saida operacional para consumo/venda', '2026-02-06 19:18:00', 3),
(225, 70, 9, 'entrada', '80.00', '0.00', '80.00', 'Rhuam', 'Saco de Lixo 100L', 'Entrada inicial de abastecimento', '2026-01-11 19:10:00', 3),
(226, 70, 9, 'saida', '25.00', '80.00', '55.00', 'Rhuam', 'Saco de Lixo 100L', 'Saida operacional para consumo/venda', '2026-02-11 20:20:00', 3),
(227, 70, 9, 'saida', '3.00', '55.00', '52.00', 'Rhuam', 'Saco de Lixo 100L', 'Saida operacional complementar', '2026-03-11 15:40:00', 3),
(228, 70, 9, 'desperdicio', '1.00', '52.00', '51.00', 'Rhuam', 'Saco de Lixo 100L', 'Desperdicio registrado: Perda no preparo', '2026-03-17 15:40:00', 3),
(229, 71, 10, 'entrada', '81.00', '0.00', '81.00', 'Jose', 'Pano Multiuso', 'Entrada inicial de abastecimento', '2026-01-14 20:11:00', 3),
(230, 71, 10, 'saida', '26.00', '81.00', '55.00', 'Jose', 'Pano Multiuso', 'Saida operacional para consumo/venda', '2026-02-16 21:22:00', 3),
(231, 72, 2, 'entrada', '82.00', '0.00', '82.00', 'João Victor', 'Papel Toalha Interfolha', 'Entrada inicial de abastecimento', '2026-01-17 12:12:00', 3),
(232, 72, 2, 'saida', '27.00', '82.00', '55.00', 'João Victor', 'Papel Toalha Interfolha', 'Saida operacional para consumo/venda', '2026-02-21 14:24:00', 3),
(233, 72, 2, 'saida', '5.00', '55.00', '50.00', 'João Victor', 'Papel Toalha Interfolha', 'Saida operacional complementar', '2026-03-25 17:48:00', 3),
(234, 73, 3, 'entrada', '83.00', '0.00', '83.00', 'Derci', 'Copo Descartavel 500ml', 'Entrada inicial de abastecimento', '2026-01-20 13:13:00', 1),
(235, 73, 3, 'saida', '28.00', '83.00', '55.00', 'Derci', 'Copo Descartavel 500ml', 'Saida operacional para consumo/venda', '2026-02-26 15:26:00', 1),
(236, 74, 4, 'entrada', '84.00', '0.00', '84.00', 'Erica', 'Tampa Copo 500ml', 'Entrada inicial de abastecimento', '2026-01-23 14:14:00', 1),
(237, 74, 4, 'saida', '29.00', '84.00', '55.00', 'Erica', 'Tampa Copo 500ml', 'Saida operacional para consumo/venda', '2026-03-03 16:28:00', 1),
(238, 74, 4, 'saida', '7.00', '55.00', '48.00', 'Erica', 'Tampa Copo 500ml', 'Saida operacional complementar', '2026-04-08 19:56:00', 1),
(239, 75, 5, 'entrada', '85.00', '0.00', '85.00', 'Juliane', 'Canudo Biodegradavel', 'Entrada inicial de abastecimento', '2026-01-26 15:15:00', 1),
(240, 75, 5, 'saida', '5.00', '85.00', '80.00', 'Juliane', 'Canudo Biodegradavel', 'Saida operacional para consumo/venda', '2026-03-08 17:30:00', 1),
(241, 76, 6, 'entrada', '86.00', '0.00', '86.00', 'Mylena', 'Guardanapo Papel', 'Entrada inicial de abastecimento', '2026-01-29 16:16:00', 1),
(242, 76, 6, 'saida', '6.00', '86.00', '80.00', 'Mylena', 'Guardanapo Papel', 'Saida operacional para consumo/venda', '2026-03-13 18:32:00', 1),
(243, 76, 6, 'saida', '9.00', '80.00', '71.00', 'Mylena', 'Guardanapo Papel', 'Saida operacional complementar', '2026-04-22 21:04:00', 1),
(244, 77, 7, 'entrada', '87.00', '0.00', '87.00', 'Julio', 'Colher Descartavel', 'Entrada inicial de abastecimento', '2026-02-01 17:17:00', 1),
(245, 77, 7, 'saida', '7.00', '87.00', '80.00', 'Julio', 'Colher Descartavel', 'Saida operacional para consumo/venda', '2026-03-18 19:34:00', 1),
(246, 77, 7, 'desperdicio', '3.00', '80.00', '77.00', 'Julio', 'Colher Descartavel', 'Desperdicio registrado: Contaminacao', '2026-01-14 15:08:00', 1),
(247, 78, 8, 'entrada', '88.00', '0.00', '88.00', 'Natalia', 'Balde Mario Bros', 'Entrada inicial de abastecimento', '2026-02-04 18:18:00', 1),
(248, 78, 8, 'saida', '8.00', '88.00', '80.00', 'Natalia', 'Balde Mario Bros', 'Saida operacional para consumo/venda', '2026-03-23 20:36:00', 1),
(249, 78, 8, 'saida', '11.00', '80.00', '69.00', 'Natalia', 'Balde Mario Bros', 'Saida operacional complementar', '2026-05-06 16:12:00', 1),
(250, 79, 9, 'entrada', '89.00', '0.00', '89.00', 'Rhuam', 'Copo Mario Bros', 'Entrada inicial de abastecimento', '2026-02-07 19:19:00', 1),
(251, 79, 9, 'saida', '9.00', '89.00', '80.00', 'Rhuam', 'Copo Mario Bros', 'Saida operacional para consumo/venda', '2026-03-28 21:38:00', 1),
(252, 80, 10, 'entrada', '90.00', '0.00', '90.00', 'Jose', 'Balde Stitch', 'Entrada inicial de abastecimento', '2026-02-10 20:20:00', 1),
(253, 80, 10, 'saida', '10.00', '90.00', '80.00', 'Jose', 'Balde Stitch', 'Saida operacional para consumo/venda', '2026-04-02 14:40:00', 1),
(254, 80, 10, 'saida', '13.00', '80.00', '67.00', 'Jose', 'Balde Stitch', 'Saida operacional complementar', '2026-03-01 18:20:00', 1),
(255, 81, 2, 'entrada', '91.00', '0.00', '91.00', 'João Victor', 'Copo Stitch', 'Entrada inicial de abastecimento', '2026-02-13 12:21:00', 1),
(256, 81, 2, 'saida', '11.00', '91.00', '80.00', 'João Victor', 'Copo Stitch', 'Saida operacional para consumo/venda', '2026-04-07 15:42:00', 1),
(257, 82, 3, 'entrada', '92.00', '0.00', '92.00', 'Derci', 'Balde Minecraft', 'Entrada inicial de abastecimento', '2026-02-16 13:22:00', 1),
(258, 82, 3, 'saida', '12.00', '92.00', '80.00', 'Derci', 'Balde Minecraft', 'Saida operacional para consumo/venda', '2026-04-12 16:44:00', 1),
(259, 82, 3, 'saida', '15.00', '80.00', '65.00', 'Derci', 'Balde Minecraft', 'Saida operacional complementar', '2026-03-15 20:28:00', 1),
(260, 83, 4, 'entrada', '93.00', '0.00', '93.00', 'Erica', 'Copo Minecraft', 'Entrada inicial de abastecimento', '2026-02-19 14:23:00', 1),
(261, 83, 4, 'saida', '13.00', '93.00', '80.00', 'Erica', 'Copo Minecraft', 'Saida operacional para consumo/venda', '2026-04-17 17:46:00', 1),
(262, 84, 5, 'entrada', '94.00', '0.00', '94.00', 'Juliane', 'Chaveiro Sonic', 'Entrada inicial de abastecimento', '2026-01-03 15:24:00', 1),
(263, 84, 5, 'saida', '14.00', '94.00', '80.00', 'Juliane', 'Chaveiro Sonic', 'Saida operacional para consumo/venda', '2026-04-22 18:48:00', 1),
(264, 84, 5, 'saida', '3.00', '80.00', '77.00', 'Juliane', 'Chaveiro Sonic', 'Saida operacional complementar', '2026-03-29 15:36:00', 1),
(265, 84, 5, 'desperdicio', '5.00', '77.00', '72.00', 'Juliane', 'Chaveiro Sonic', 'Desperdicio registrado: Quebra de embalagem', '2026-04-01 15:36:00', 1),
(266, 85, 6, 'entrada', '95.00', '0.00', '95.00', 'Mylena', 'Caixa Pipoca P', 'Entrada inicial de abastecimento', '2026-01-06 16:25:00', 1),
(267, 85, 6, 'saida', '15.00', '95.00', '80.00', 'Mylena', 'Caixa Pipoca P', 'Saida operacional para consumo/venda', '2026-02-01 19:50:00', 1),
(268, 86, 7, 'entrada', '96.00', '0.00', '96.00', 'Julio', 'Caixa Pipoca M', 'Entrada inicial de abastecimento', '2026-01-09 17:26:00', 1),
(269, 86, 7, 'saida', '16.00', '96.00', '80.00', 'Julio', 'Caixa Pipoca M', 'Saida operacional para consumo/venda', '2026-02-06 20:52:00', 1),
(270, 86, 7, 'saida', '5.00', '80.00', '75.00', 'Julio', 'Caixa Pipoca M', 'Saida operacional complementar', '2026-04-12 17:44:00', 1),
(271, 87, 8, 'entrada', '97.00', '0.00', '97.00', 'Natalia', 'Caixa Pipoca G', 'Entrada inicial de abastecimento', '2026-01-12 18:27:00', 1),
(272, 87, 8, 'saida', '17.00', '97.00', '80.00', 'Natalia', 'Caixa Pipoca G', 'Saida operacional para consumo/venda', '2026-02-11 21:54:00', 1),
(273, 88, 9, 'entrada', '98.00', '0.00', '98.00', 'Rhuam', 'Balde Pipoca Papel', 'Entrada inicial de abastecimento', '2026-01-15 19:28:00', 1),
(274, 88, 9, 'saida', '18.00', '98.00', '80.00', 'Rhuam', 'Balde Pipoca Papel', 'Saida operacional para consumo/venda', '2026-02-16 14:56:00', 1),
(275, 88, 9, 'saida', '7.00', '80.00', '73.00', 'Rhuam', 'Balde Pipoca Papel', 'Saida operacional complementar', '2026-04-26 19:52:00', 1),
(276, 89, 10, 'entrada', '99.00', '0.00', '99.00', 'Jose', 'Sacola Delivery', 'Entrada inicial de abastecimento', '2026-01-18 20:29:00', 1),
(277, 89, 10, 'saida', '19.00', '99.00', '80.00', 'Jose', 'Sacola Delivery', 'Saida operacional para consumo/venda', '2026-02-21 15:58:00', 1),
(278, 90, 2, 'entrada', '100.00', '0.00', '100.00', 'João Victor', 'Caixa Hot Dog', 'Entrada inicial de abastecimento', '2026-01-21 12:30:00', 1),
(279, 90, 2, 'saida', '20.00', '100.00', '80.00', 'João Victor', 'Caixa Hot Dog', 'Saida operacional para consumo/venda', '2026-02-26 16:00:00', 1),
(280, 90, 2, 'saida', '9.00', '80.00', '71.00', 'João Victor', 'Caixa Hot Dog', 'Saida operacional complementar', '2026-05-10 21:00:00', 1),
(281, 91, 3, 'entrada', '101.00', '0.00', '101.00', 'Derci', 'Bobina Termica Caixa', 'Entrada inicial de abastecimento', '2026-01-24 13:31:00', 1),
(282, 91, 3, 'saida', '21.00', '101.00', '80.00', 'Derci', 'Bobina Termica Caixa', 'Saida operacional para consumo/venda', '2026-03-03 17:02:00', 1),
(283, 91, 3, 'desperdicio', '2.00', '80.00', '78.00', 'Derci', 'Bobina Termica Caixa', 'Desperdicio registrado: Erro operacional', '2026-01-29 15:04:00', 1),
(284, 92, 4, 'entrada', '102.00', '0.00', '102.00', 'Erica', 'Papel Impressora A4', 'Entrada inicial de abastecimento', '2026-01-27 14:32:00', 1),
(285, 92, 4, 'saida', '22.00', '102.00', '80.00', 'Erica', 'Papel Impressora A4', 'Saida operacional para consumo/venda', '2026-03-08 18:04:00', 1),
(286, 92, 4, 'saida', '11.00', '80.00', '69.00', 'Erica', 'Papel Impressora A4', 'Saida operacional complementar', '2026-03-05 16:08:00', 1),
(287, 93, 5, 'entrada', '103.00', '0.00', '103.00', 'Juliane', 'Etiqueta Codigo de Barras', 'Entrada inicial de abastecimento', '2026-01-30 15:33:00', 1),
(288, 93, 5, 'saida', '23.00', '103.00', '80.00', 'Juliane', 'Etiqueta Codigo de Barras', 'Saida operacional para consumo/venda', '2026-03-13 19:06:00', 1),
(289, 94, 6, 'entrada', '104.00', '0.00', '104.00', 'Mylena', 'Fita Adesiva Transparente', 'Entrada inicial de abastecimento', '2026-02-02 16:34:00', 1),
(290, 94, 6, 'saida', '24.00', '104.00', '80.00', 'Mylena', 'Fita Adesiva Transparente', 'Saida operacional para consumo/venda', '2026-03-18 20:08:00', 1),
(291, 94, 6, 'saida', '13.00', '80.00', '67.00', 'Mylena', 'Fita Adesiva Transparente', 'Saida operacional complementar', '2026-03-19 18:16:00', 1),
(292, 95, 7, 'entrada', '105.00', '0.00', '105.00', 'Julio', 'Caneta Bic Azul', 'Entrada inicial de abastecimento', '2026-02-05 17:35:00', 1),
(293, 95, 7, 'saida', '25.00', '105.00', '80.00', 'Julio', 'Caneta Bic Azul', 'Saida operacional para consumo/venda', '2026-03-23 21:10:00', 1),
(294, 96, 8, 'entrada', '106.00', '0.00', '106.00', 'Natalia', 'Prancheta Plastica', 'Entrada inicial de abastecimento', '2026-02-08 18:36:00', 1),
(295, 96, 8, 'saida', '26.00', '106.00', '80.00', 'Natalia', 'Prancheta Plastica', 'Saida operacional para consumo/venda', '2026-03-28 14:12:00', 1),
(296, 96, 8, 'saida', '15.00', '80.00', '65.00', 'Natalia', 'Prancheta Plastica', 'Saida operacional complementar', '2026-04-02 20:24:00', 1),
(297, 97, 9, 'entrada', '107.00', '0.00', '107.00', 'Rhuam', 'Lacre Plastico Numerado', 'Entrada inicial de abastecimento', '2026-02-11 19:37:00', 1),
(298, 97, 9, 'saida', '27.00', '107.00', '80.00', 'Rhuam', 'Lacre Plastico Numerado', 'Saida operacional para consumo/venda', '2026-04-02 15:14:00', 1),
(299, 98, 10, 'entrada', '108.00', '0.00', '108.00', 'Jose', 'Etiqueta Validade', 'Entrada inicial de abastecimento', '2026-02-14 20:38:00', 1),
(300, 98, 10, 'saida', '28.00', '108.00', '80.00', 'Jose', 'Etiqueta Validade', 'Saida operacional para consumo/venda', '2026-04-07 16:16:00', 1),
(301, 98, 10, 'saida', '3.00', '80.00', '77.00', 'Jose', 'Etiqueta Validade', 'Saida operacional complementar', '2026-04-16 15:32:00', 1),
(302, 98, 10, 'desperdicio', '4.00', '77.00', '73.00', 'Jose', 'Etiqueta Validade', 'Desperdicio registrado: Produto derramado', '2026-04-16 15:32:00', 1),
(303, 99, 2, 'entrada', '109.00', '0.00', '109.00', 'João Victor', 'Marcador Permanente', 'Entrada inicial de abastecimento', '2026-02-17 12:39:00', 1),
(304, 99, 2, 'saida', '29.00', '109.00', '80.00', 'João Victor', 'Marcador Permanente', 'Saida operacional para consumo/venda', '2026-04-12 17:18:00', 1),
(305, 100, 3, 'entrada', '110.00', '0.00', '110.00', 'Derci', 'Pasta Arquivo', 'Entrada inicial de abastecimento', '2026-01-01 13:40:00', 1),
(306, 100, 3, 'saida', '5.00', '110.00', '105.00', 'Derci', 'Pasta Arquivo', 'Saida operacional para consumo/venda', '2026-04-17 18:20:00', 1),
(307, 100, 3, 'saida', '5.00', '105.00', '100.00', 'Derci', 'Pasta Arquivo', 'Saida operacional complementar', '2026-04-30 17:40:00', 1),
(308, 64, 7, 'desperdicio', '114.00', '114.00', '0.00', 'Julio', 'Agua Sanitaria Qboa 1L', 'Desperdicio: Produto vencido', '2026-05-22 12:40:46', 3),
(309, 66, 2, 'entrada', '50.00', '112.00', '162.00', 'João Victor', 'Alcool 70% 1L', NULL, '2026-05-22 12:44:31', 3),
(310, 66, 2, 'saida', '4.00', '162.00', '158.00', 'João Victor', 'Alcool 70% 1L', NULL, '2026-05-22 12:46:07', 3),
(311, 101, 7, 'saida', '5.00', '50.00', '45.00', 'Julio', 'aqua fluid', NULL, '2026-05-22 23:40:28', 3),
(312, 101, 2, 'saida', '15.00', '45.00', '30.00', 'João Victor', 'aqua fluid', 'Transferencia para Estoque Principal', '2026-05-22 23:48:38', 3),
(313, 101, 2, 'entrada', '15.00', '0.00', '15.00', 'João Victor', 'aqua fluid', 'Transferencia de Estoque Limpeza', '2026-05-22 23:48:38', 1),
(314, 101, 7, 'saida', '5.00', '30.00', '25.00', 'Julio', 'aqua fluid', NULL, '2026-05-22 23:52:32', 3),
(315, 101, 2, 'entrada', '20.00', '25.00', '45.00', 'João Victor', 'aqua fluid', NULL, '2026-05-22 23:54:59', 3),
(316, 63, 2, 'desperdicio', '121.00', '121.00', '0.00', 'João Victor', 'Detergente Ype Neutro', 'Desperdicio: Produto vencido', '2026-05-22 23:55:48', 3),
(317, 82, 2, 'saida', '65.00', '65.00', '0.00', 'João Victor', 'Balde Minecraft', NULL, '2026-05-26 20:31:58', 1),
(318, 87, 2, 'entrada', '700.00', '80.00', '780.00', 'João Victor', 'Caixa Pipoca G', NULL, '2026-06-02 22:10:30', 1),
(319, 86, 2, 'entrada', '700.00', '75.00', '775.00', 'João Victor', 'Caixa Pipoca M', NULL, '2026-06-02 22:10:53', 1),
(320, 85, 2, 'entrada', '700.00', '80.00', '780.00', 'João Victor', 'Caixa Pipoca P', NULL, '2026-06-02 22:11:24', 1),
(321, 51, 2, 'desperdicio', '125.00', '125.00', '0.00', 'João Victor', 'Batata Congelada McCain 2kg', 'Desperdicio: Produto vencido', '2026-06-02 22:32:39', 1),
(322, 52, 2, 'desperdicio', '112.00', '112.00', '0.00', 'João Victor', 'Nuggets Sadia 1kg', 'Desperdicio: Produto vencido', '2026-06-02 22:32:39', 1),
(323, 53, 2, 'desperdicio', '125.00', '125.00', '0.00', 'João Victor', 'Hamburguer Bovino Seara 1kg', 'Desperdicio: Produto vencido', '2026-06-02 22:32:39', 1),
(324, 54, 2, 'desperdicio', '110.00', '110.00', '0.00', 'João Victor', 'Queijo Mussarela Fatiado', 'Desperdicio: Produto vencido', '2026-06-02 22:32:39', 1),
(325, 55, 2, 'desperdicio', '125.00', '125.00', '0.00', 'João Victor', 'Pao de Queijo Congelado', 'Desperdicio: Produto vencido', '2026-06-02 22:32:39', 1),
(326, 56, 2, 'desperdicio', '120.00', '120.00', '0.00', 'João Victor', 'Espumante Salton Brut', 'Desperdicio: Produto vencido', '2026-06-02 22:32:39', 2),
(327, 57, 2, 'desperdicio', '125.00', '125.00', '0.00', 'João Victor', 'Vinho Miolo Tinto', 'Desperdicio: Produto vencido', '2026-06-02 22:32:39', 2),
(328, 58, 2, 'desperdicio', '120.00', '120.00', '0.00', 'João Victor', 'Castanha de Caju Premium', 'Desperdicio: Produto vencido', '2026-06-02 22:32:39', 2),
(329, 59, 2, 'desperdicio', '125.00', '125.00', '0.00', 'João Victor', 'Mix de Nuts Premium', 'Desperdicio: Produto vencido', '2026-06-02 22:32:39', 2),
(330, 60, 2, 'desperdicio', '118.00', '118.00', '0.00', 'João Victor', 'Chocolate Lindt Excellence', 'Desperdicio: Produto vencido', '2026-06-02 22:32:39', 2),
(331, 61, 2, 'desperdicio', '125.00', '125.00', '0.00', 'João Victor', 'Agua Perrier 330ml', 'Desperdicio: Produto vencido', '2026-06-02 22:32:39', 2),
(332, 62, 2, 'desperdicio', '116.00', '116.00', '0.00', 'João Victor', 'Red Bull Energy Drink', 'Desperdicio: Produto vencido', '2026-06-02 22:32:39', 2),
(333, 65, 2, 'desperdicio', '125.00', '125.00', '0.00', 'João Victor', 'Desinfetante Pinho Sol 1L', 'Desperdicio: Produto vencido', '2026-06-02 22:32:39', 3),
(334, 66, 2, 'desperdicio', '112.00', '158.00', '46.00', 'João Victor', 'Alcool 70% 1L', 'Desperdicio: Produto vencido', '2026-06-02 22:32:39', 3),
(335, 66, 2, 'desperdicio', '46.00', '46.00', '0.00', 'João Victor', 'Alcool 70% 1L', 'Desperdicio: Produto vencido', '2026-06-02 22:32:39', 3),
(336, 67, 2, 'desperdicio', '125.00', '125.00', '0.00', 'João Victor', 'Sabao em Po Omo 1kg', 'Desperdicio: Produto vencido', '2026-06-02 22:32:39', 3),
(337, 68, 2, 'desperdicio', '110.00', '110.00', '0.00', 'João Victor', 'Veja Multiuso 500ml', 'Desperdicio: Produto vencido', '2026-06-02 22:32:39', 3),
(338, 69, 2, 'desperdicio', '125.00', '125.00', '0.00', 'João Victor', 'Luva Descartavel Caixa', 'Desperdicio: Produto vencido', '2026-06-02 22:32:39', 3),
(339, 70, 2, 'desperdicio', '51.00', '51.00', '0.00', 'João Victor', 'Saco de Lixo 100L', 'Desperdicio: Produto vencido', '2026-06-02 22:32:39', 3),
(340, 102, 2, 'saida', '1.00', '20.00', '19.00', 'João Victor', 'Ketchup', NULL, '2026-06-04 22:32:09', 1),
(341, 102, 2, 'entrada', '50.00', '19.00', '69.00', 'João Victor', 'Ketchup', NULL, '2026-06-04 22:42:58', 1),
(342, 102, 2, 'saida', '3.00', '69.00', '66.00', 'João Victor', 'Ketchup', NULL, '2026-06-04 22:46:10', 1),
(343, 102, 2, 'entrada', '20.00', '66.00', '86.00', 'João Victor', 'Ketchup', NULL, '2026-06-04 22:47:43', 1),
(344, 102, 2, 'entrada', '50.00', '86.00', '136.00', 'João Victor', 'Ketchup', NULL, '2026-06-04 22:48:15', 1),
(345, 102, 2, 'desperdicio', '50.00', '136.00', '86.00', 'João Victor', 'Ketchup', 'Desperdicio: Produto vencido', '2026-06-04 22:48:56', 1),
(346, 102, 2, 'saida', '4.00', '86.00', '82.00', 'João Victor', 'Ketchup', 'Transferencia para Estoque VIP', '2026-06-04 23:08:06', 1),
(347, 102, 2, 'entrada', '4.00', '0.00', '4.00', 'João Victor', 'Ketchup', 'Transferencia de Estoque Principal', '2026-06-04 23:08:06', 2),
(348, 11, 2, 'ajuste', '4.00', '0.00', '4.00', 'João Victor', 'Agua Bonafont 500ml', 'Ajuste de estoque: Ajuste administrativo', '2026-06-06 18:45:09', 1),
(349, 95, 2, 'ajuste', '20.00', '80.00', '100.00', 'João Victor', 'Caneta Bic Azul', 'Ajuste de estoque: Erro de cadastro de saldo', '2026-06-07 02:39:17', 1),
(350, 11, 2, 'ajuste', '6.00', '4.00', '10.00', 'João Victor', 'Agua Bonafont 500ml', 'Ajuste de estoque: Ajuste administrativo', '2026-06-09 22:54:14', 1),
(351, 101, 7, 'saida', '4.00', '15.00', '11.00', 'Julio', 'aqua fluid', NULL, '2026-06-16 19:49:49', 1);

DROP TABLE IF EXISTS `produto_lotes`;
CREATE TABLE `produto_lotes` (
  `id` int(11) NOT NULL AUTO_INCREMENT,
  `estoque_produto_id` int(11) NOT NULL,
  `lote` varchar(100) NOT NULL,
  `data_validade` date DEFAULT NULL,
  `quantidade` decimal(10,2) NOT NULL DEFAULT 0.00,
  `criado_em` datetime DEFAULT current_timestamp(),
  `atualizado_em` datetime DEFAULT current_timestamp() ON UPDATE current_timestamp(),
  PRIMARY KEY (`id`),
  KEY `idx_lote_codigo` (`lote`),
  KEY `idx_lote_validade` (`data_validade`),
  KEY `idx_lote_estoque_produto` (`estoque_produto_id`),
  CONSTRAINT `fk_lote_estoque_produto` FOREIGN KEY (`estoque_produto_id`) REFERENCES `estoque_produtos` (`id`) ON DELETE CASCADE
) ENGINE=InnoDB AUTO_INCREMENT=114 DEFAULT CHARSET=utf8mb4 COLLATE=utf8mb4_general_ci;

INSERT INTO `produto_lotes` (`id`, `estoque_produto_id`, `lote`, `data_validade`, `quantidade`, `criado_em`, `atualizado_em`) VALUES
(1, 1, 'LOTE-0001-20260102', '2026-01-02 04:00:00', '0.00', '2026-01-01 12:00:00', '2026-05-22 03:38:14'),
(2, 2, 'LOTE-0002-20260103', '2026-01-03 04:00:00', '0.00', '2026-01-01 12:00:00', '2026-05-22 03:38:14'),
(3, 3, 'LOTE-0003-20260104', '2026-01-04 04:00:00', '0.00', '2026-01-01 12:00:00', '2026-05-22 03:38:14'),
(4, 4, 'LOTE-0004-20260105', '2026-01-05 04:00:00', '0.00', '2026-01-01 12:00:00', '2026-05-22 03:38:14'),
(5, 5, 'LOTE-0005-20260106', '2026-01-06 04:00:00', '0.00', '2026-01-01 12:00:00', '2026-05-22 03:38:14'),
(6, 6, 'LOTE-0006-20260107', '2026-01-07 04:00:00', '0.00', '2026-01-01 12:00:00', '2026-05-22 03:38:14'),
(7, 7, 'LOTE-0007-20260108', '2026-01-08 04:00:00', '0.00', '2026-01-01 12:00:00', '2026-05-22 03:38:14'),
(8, 8, 'LOTE-0008-20260109', '2026-01-09 04:00:00', '0.00', '2026-01-01 12:00:00', '2026-05-22 03:38:14'),
(9, 9, 'LOTE-0009-20260110', '2026-01-10 04:00:00', '0.00', '2026-01-01 12:00:00', '2026-05-22 03:38:14'),
(10, 10, 'LOTE-0010-20260111', '2026-01-11 04:00:00', '0.00', '2026-01-01 12:00:00', '2026-05-22 03:38:14'),
(11, 11, 'LOTE-0011-20260112', '2026-01-12 04:00:00', '10.00', '2026-01-01 12:00:00', '2026-06-09 22:54:14'),
(12, 12, 'LOTE-0012-20260113', '2026-01-13 04:00:00', '0.00', '2026-01-01 12:00:00', '2026-05-22 03:38:14'),
(13, 13, 'LOTE-0013-20260114', '2026-01-14 04:00:00', '0.00', '2026-01-01 12:00:00', '2026-05-22 03:38:14'),
(14, 14, 'LOTE-0014-20260115', '2026-01-15 04:00:00', '0.00', '2026-01-01 12:00:00', '2026-05-22 03:38:14'),
(15, 15, 'LOTE-0015-20260116', '2026-01-16 04:00:00', '0.00', '2026-01-01 12:00:00', '2026-05-22 03:38:14'),
(16, 16, 'LOTE-0016-20260117', '2026-01-17 04:00:00', '0.00', '2026-01-01 12:00:00', '2026-05-22 03:38:14'),
(17, 17, 'LOTE-0017-20260118', '2026-01-18 04:00:00', '0.00', '2026-01-01 12:00:00', '2026-05-22 03:38:14'),
(18, 18, 'LOTE-0018-20260119', '2026-01-19 04:00:00', '0.00', '2026-01-01 12:00:00', '2026-05-22 03:38:14'),
(19, 19, 'LOTE-0019-20260120', '2026-01-20 04:00:00', '0.00', '2026-01-01 12:00:00', '2026-05-22 03:38:14'),
(20, 20, 'LOTE-0020-20260121', '2026-01-21 04:00:00', '0.00', '2026-01-01 12:00:00', '2026-05-22 03:38:14'),
(21, 21, 'LOTE-0021-20260122', '2026-01-22 04:00:00', '0.00', '2026-01-01 12:00:00', '2026-05-22 03:38:14'),
(22, 22, 'LOTE-0022-20260123', '2026-01-23 04:00:00', '0.00', '2026-01-01 12:00:00', '2026-05-22 03:38:14'),
(23, 23, 'LOTE-0023-20260124', '2026-01-24 04:00:00', '0.00', '2026-01-01 12:00:00', '2026-05-22 03:38:14'),
(24, 24, 'LOTE-0024-20260125', '2026-01-25 04:00:00', '0.00', '2026-01-01 12:00:00', '2026-05-22 03:38:14'),
(25, 25, 'LOTE-0025-20260126', '2026-01-26 04:00:00', '0.00', '2026-01-01 12:00:00', '2026-05-22 03:38:14'),
(26, 26, 'LOTE-0026-20260127', '2026-01-27 04:00:00', '0.00', '2026-01-01 12:00:00', '2026-05-22 03:38:14'),
(27, 27, 'LOTE-0027-20260128', '2026-01-28 04:00:00', '0.00', '2026-01-01 12:00:00', '2026-05-22 03:38:14'),
(28, 28, 'LOTE-0028-20260129', '2026-01-29 04:00:00', '0.00', '2026-01-01 12:00:00', '2026-05-22 03:38:14'),
(29, 29, 'LOTE-0029-20260130', '2026-01-30 04:00:00', '0.00', '2026-01-01 12:00:00', '2026-05-22 03:38:14'),
(30, 30, 'LOTE-0030-20260131', '2026-01-31 04:00:00', '0.00', '2026-01-01 12:00:00', '2026-05-22 03:38:15'),
(31, 31, 'LOTE-0031-20260201', '2026-02-01 04:00:00', '0.00', '2026-01-01 12:00:00', '2026-05-22 03:38:15'),
(32, 32, 'LOTE-0032-20260202', '2026-02-02 04:00:00', '0.00', '2026-01-01 12:00:00', '2026-05-22 03:38:15'),
(33, 33, 'LOTE-0033-20260203', '2026-02-03 04:00:00', '0.00', '2026-01-01 12:00:00', '2026-05-22 03:38:15'),
(34, 34, 'LOTE-0034-20260204', '2026-02-04 04:00:00', '0.00', '2026-01-01 12:00:00', '2026-05-22 03:38:15'),
(35, 35, 'LOTE-0035-20260205', '2026-02-05 04:00:00', '0.00', '2026-01-01 12:00:00', '2026-05-22 03:38:15'),
(36, 36, 'LOTE-0036-20260206', '2026-02-06 04:00:00', '0.00', '2026-01-01 12:00:00', '2026-05-22 03:38:15'),
(37, 37, 'LOTE-0037-20260207', '2026-02-07 04:00:00', '0.00', '2026-01-01 12:00:00', '2026-05-22 03:38:15'),
(38, 38, 'LOTE-0038-20260208', '2026-02-08 04:00:00', '0.00', '2026-01-01 12:00:00', '2026-05-22 03:38:15'),
(39, 39, 'LOTE-0039-20260209', '2026-02-09 04:00:00', '0.00', '2026-01-01 12:00:00', '2026-05-22 03:38:15'),
(40, 40, 'LOTE-0040-20260210', '2026-02-10 04:00:00', '0.00', '2026-01-01 12:00:00', '2026-05-22 03:38:15'),
(41, 41, 'LOTE-0041-20260211', '2026-02-11 04:00:00', '0.00', '2026-01-01 12:00:00', '2026-05-22 03:38:15'),
(42, 42, 'LOTE-0042-20260212', '2026-02-12 04:00:00', '0.00', '2026-01-01 12:00:00', '2026-05-22 03:38:15'),
(43, 43, 'LOTE-0043-20260213', '2026-02-13 04:00:00', '0.00', '2026-01-01 12:00:00', '2026-05-22 03:38:15'),
(44, 44, 'LOTE-0044-20260214', '2026-02-14 04:00:00', '0.00', '2026-01-01 12:00:00', '2026-05-22 03:38:15'),
(45, 45, 'LOTE-0045-20260215', '2026-02-15 04:00:00', '0.00', '2026-01-01 12:00:00', '2026-05-22 03:38:15'),
(46, 46, 'LOTE-0046-20260216', '2026-02-16 04:00:00', '0.00', '2026-01-01 12:00:00', '2026-05-22 03:38:15'),
(47, 47, 'LOTE-0047-20260217', '2026-02-17 04:00:00', '0.00', '2026-01-01 12:00:00', '2026-05-22 03:38:15'),
(48, 48, 'LOTE-0048-20260218', '2026-02-18 04:00:00', '0.00', '2026-01-01 12:00:00', '2026-05-22 03:38:15'),
(49, 49, 'LOTE-0049-20260219', '2026-02-19 04:00:00', '0.00', '2026-01-01 12:00:00', '2026-05-22 03:38:15'),
(50, 50, 'LOTE-0050-20260220', '2026-02-20 04:00:00', '0.00', '2026-01-01 12:00:00', '2026-05-22 03:38:15'),
(51, 51, 'LOTE-0051-20260522', '2026-05-22 04:00:00', '0.00', '2026-01-01 12:00:00', '2026-06-02 22:32:39'),
(52, 52, 'LOTE-0052-20260523', '2026-05-23 04:00:00', '0.00', '2026-01-01 12:00:00', '2026-06-02 22:32:39'),
(53, 53, 'LOTE-0053-20260524', '2026-05-24 04:00:00', '0.00', '2026-01-01 12:00:00', '2026-06-02 22:32:39'),
(54, 54, 'LOTE-0054-20260525', '2026-05-25 04:00:00', '0.00', '2026-01-01 12:00:00', '2026-06-02 22:32:39'),
(55, 55, 'LOTE-0055-20260526', '2026-05-26 04:00:00', '0.00', '2026-01-01 12:00:00', '2026-06-02 22:32:39'),
(56, 56, 'LOTE-0056-20260520', '2026-05-20 04:00:00', '0.00', '2026-01-01 12:00:00', '2026-06-02 22:32:39'),
(57, 57, 'LOTE-0057-20260521', '2026-05-21 04:00:00', '0.00', '2026-01-01 12:00:00', '2026-06-02 22:32:39'),
(58, 58, 'LOTE-0058-20260522', '2026-05-22 04:00:00', '0.00', '2026-01-01 12:00:00', '2026-06-02 22:32:39'),
(59, 59, 'LOTE-0059-20260523', '2026-05-23 04:00:00', '0.00', '2026-01-01 12:00:00', '2026-06-02 22:32:39'),
(60, 60, 'LOTE-0060-20260524', '2026-05-24 04:00:00', '0.00', '2026-01-01 12:00:00', '2026-06-02 22:32:39'),
(61, 61, 'LOTE-0061-20260525', '2026-05-25 04:00:00', '0.00', '2026-01-01 12:00:00', '2026-06-02 22:32:39'),
(62, 62, 'LOTE-0062-20260526', '2026-05-29 04:00:00', '0.00', '2026-01-01 12:00:00', '2026-06-02 22:32:39'),
(63, 63, 'LOTE-0063-20260520', '2026-05-20 04:00:00', '0.00', '2026-01-01 12:00:00', '2026-05-22 23:55:48'),
(64, 64, 'LOTE-0064-20260521', '2026-05-21 04:00:00', '0.00', '2026-01-01 12:00:00', '2026-05-22 12:40:46'),
(65, 65, 'LOTE-0065-20260522', '2026-05-22 04:00:00', '0.00', '2026-01-01 12:00:00', '2026-06-02 22:32:39'),
(66, 66, 'LOTE-0066-20260523', '2026-05-23 04:00:00', '0.00', '2026-01-01 12:00:00', '2026-06-02 22:32:39'),
(67, 67, 'LOTE-0067-20260524', '2026-05-24 04:00:00', '0.00', '2026-01-01 12:00:00', '2026-06-02 22:32:39'),
(68, 68, 'LOTE-0068-20260525', '2026-05-25 04:00:00', '0.00', '2026-01-01 12:00:00', '2026-06-02 22:32:39'),
(69, 69, 'LOTE-0069-20260526', '2026-05-26 04:00:00', '0.00', '2026-01-01 12:00:00', '2026-06-02 22:32:39'),
(70, 70, 'LOTE-0070-20260520', '2026-05-20 04:00:00', '0.00', '2026-01-01 12:00:00', '2026-06-02 22:32:39'),
(71, 71, 'LOTE-0071-20261027', '2026-10-27 04:00:00', '55.00', '2026-01-01 12:00:00', '2026-05-22 03:38:15'),
(72, 72, 'LOTE-0072-20261028', '2026-06-29 04:00:00', '50.00', '2026-01-01 12:00:00', '2026-06-16 18:10:23'),
(73, 73, 'LOTE-0073-20261231', NULL, '55.00', '2026-01-01 12:00:00', '2026-05-22 03:38:15'),
(74, 74, 'LOTE-0074-20261231', NULL, '48.00', '2026-01-01 12:00:00', '2026-05-22 03:38:15'),
(75, 75, 'LOTE-0075-20261231', NULL, '80.00', '2026-01-01 12:00:00', '2026-05-22 03:38:15'),
(76, 76, 'LOTE-0076-20261231', NULL, '71.00', '2026-01-01 12:00:00', '2026-05-22 03:38:15'),
(77, 77, 'LOTE-0077-20261231', NULL, '77.00', '2026-01-01 12:00:00', '2026-05-22 03:38:16'),
(78, 78, 'LOTE-0078-20261231', NULL, '69.00', '2026-01-01 12:00:00', '2026-05-22 03:38:16'),
(79, 79, 'LOTE-0079-20261231', NULL, '80.00', '2026-01-01 12:00:00', '2026-05-22 03:38:16'),
(80, 80, 'LOTE-0080-20261231', NULL, '2.00', '2026-01-01 12:00:00', '2026-06-02 22:20:20'),
(81, 81, 'LOTE-0081-20261231', NULL, '80.00', '2026-01-01 12:00:00', '2026-05-22 03:38:16'),
(82, 82, 'LOTE-0082-20261231', NULL, '0.00', '2026-01-01 12:00:00', '2026-05-26 20:31:58'),
(83, 83, 'LOTE-0083-20261231', NULL, '80.00', '2026-01-01 12:00:00', '2026-05-22 03:38:16'),
(84, 84, 'LOTE-0084-20261231', NULL, '72.00', '2026-01-01 12:00:00', '2026-05-22 03:38:16'),
(85, 85, 'LOTE-0085-20261231', NULL, '0.00', '2026-01-01 12:00:00', '2026-06-02 22:20:20'),
(86, 86, 'LOTE-0086-20261231', NULL, '0.00', '2026-01-01 12:00:00', '2026-06-02 22:14:50'),
(87, 87, 'LOTE-0087-20261231', NULL, '0.00', '2026-01-01 12:00:00', '2026-06-02 22:12:21'),
(88, 88, 'LOTE-0088-20261231', NULL, '73.00', '2026-01-01 12:00:00', '2026-05-22 03:38:16'),
(89, 89, 'LOTE-0089-20261231', NULL, '80.00', '2026-01-01 12:00:00', '2026-05-22 03:38:16'),
(90, 90, 'LOTE-0090-20261231', NULL, '71.00', '2026-01-01 12:00:00', '2026-05-22 03:38:16'),
(91, 91, 'LOTE-0091-20261231', NULL, '49.00', '2026-01-01 12:00:00', '2026-06-02 22:20:20'),
(92, 92, 'LOTE-0092-20261231', NULL, '69.00', '2026-01-01 12:00:00', '2026-05-22 03:38:16'),
(93, 93, 'LOTE-0093-20261231', NULL, '80.00', '2026-01-01 12:00:00', '2026-05-22 03:38:16'),
(94, 94, 'LOTE-0094-20261231', NULL, '67.00', '2026-01-01 12:00:00', '2026-05-22 03:38:16'),
(95, 95, 'LOTE-0095-20261231', NULL, '100.00', '2026-01-01 12:00:00', '2026-06-07 02:39:17'),
(96, 96, 'LOTE-0096-20261231', NULL, '65.00', '2026-01-01 12:00:00', '2026-05-22 03:38:16'),
(97, 97, 'LOTE-0097-20261231', NULL, '80.00', '2026-01-01 12:00:00', '2026-05-22 03:38:16'),
(98, 98, 'LOTE-0098-20261231', NULL, '73.00', '2026-01-01 12:00:00', '2026-05-22 03:38:16'),
(99, 99, 'LOTE-0099-20261231', NULL, '80.00', '2026-01-01 12:00:00', '2026-05-22 03:38:16'),
(100, 100, 'LOTE-0100-20261231', NULL, '100.00', '2026-01-01 12:00:00', '2026-05-22 03:38:16'),
(101, 66, '0123456', '2026-05-27 04:00:00', '0.00', '2026-05-22 12:44:31', '2026-06-02 22:32:39'),
(102, 101, '__SEM_LOTE__', NULL, '25.00', '2026-05-22 23:38:05', '2026-05-22 23:52:32'),
(103, 102, '__SEM_LOTE__', NULL, '11.00', '2026-05-22 23:48:38', '2026-06-16 19:49:49'),
(104, 101, '012345', NULL, '20.00', '2026-05-22 23:54:59', '2026-05-22 23:54:59'),
(105, 87, '__SEM_LOTE__', NULL, '530.00', '2026-06-02 22:10:30', '2026-06-02 22:20:20'),
(106, 86, '__SEM_LOTE__', NULL, '625.00', '2026-06-02 22:10:53', '2026-06-02 22:20:20'),
(107, 85, '__SEM_LOTE__', NULL, '660.00', '2026-06-02 22:11:24', '2026-06-02 22:20:20'),
(108, 103, '5426', '2027-02-01 04:00:00', '16.00', '2026-06-04 22:30:40', '2026-06-04 22:46:10'),
(109, 103, '5687', '2026-06-05 04:00:00', '50.00', '2026-06-04 22:42:58', '2026-06-04 22:42:58'),
(110, 103, '5674', '2026-06-04 04:00:00', '16.00', '2026-06-04 22:47:43', '2026-06-04 23:08:06'),
(111, 103, '12324', '2026-06-03 04:00:00', '0.00', '2026-06-04 22:48:15', '2026-06-04 22:48:56'),
(112, 105, '5674', '2026-06-04 04:00:00', '4.00', '2026-06-04 23:08:06', '2026-06-04 23:08:06');

DROP TABLE IF EXISTS `produtos`;
CREATE TABLE `produtos` (
  `id` int(11) NOT NULL AUTO_INCREMENT,
  `codigo_barras` varchar(50) DEFAULT NULL,
  `nome` varchar(150) NOT NULL,
  `categoria_id` int(11) DEFAULT NULL,
  `unidade` varchar(20) DEFAULT NULL,
  `preco_venda` decimal(10,2) DEFAULT NULL,
  `ativo` tinyint(1) DEFAULT 1,
  `criado_em` datetime DEFAULT current_timestamp(),
  `atualizado_em` datetime DEFAULT current_timestamp() ON UPDATE current_timestamp(),
  PRIMARY KEY (`id`),
  UNIQUE KEY `codigo_barras` (`codigo_barras`),
  KEY `categoria_id` (`categoria_id`),
  KEY `idx_produtos_codigo_barras` (`codigo_barras`),
  CONSTRAINT `produtos_ibfk_1` FOREIGN KEY (`categoria_id`) REFERENCES `categorias` (`id`)
) ENGINE=InnoDB AUTO_INCREMENT=106 DEFAULT CHARSET=utf8mb4 COLLATE=utf8mb4_general_ci;

INSERT INTO `produtos` (`id`, `codigo_barras`, `nome`, `categoria_id`, `unidade`, `preco_venda`, `ativo`, `criado_em`, `atualizado_em`) VALUES
(1, '7894900010015', 'Coca-Cola Original 600ml', 1, 'UN', '12.00', 1, '2026-01-01 12:00:00', '2026-05-22 03:38:14'),
(2, '7894900010022', 'Coca-Cola Zero 600ml', 1, 'UN', '12.00', 1, '2026-01-01 12:00:00', '2026-05-22 03:38:14'),
(3, '7894900010039', 'Fanta Laranja 600ml', 1, 'UN', '11.00', 1, '2026-01-01 12:00:00', '2026-05-22 03:38:14'),
(4, '7894900010046', 'Sprite Original 600ml', 1, 'UN', '11.00', 1, '2026-01-01 12:00:00', '2026-05-22 03:38:14'),
(5, '7894900010053', 'Guarana Antarctica 600ml', 1, 'UN', '11.00', 1, '2026-01-01 12:00:00', '2026-05-22 03:38:14'),
(6, '7894900010060', 'Pepsi Cola 600ml', 1, 'UN', '11.00', 1, '2026-01-01 12:00:00', '2026-05-22 03:38:14'),
(7, '7894900010077', 'Schweppes Citrus 350ml', 1, 'UN', '9.00', 1, '2026-01-01 12:00:00', '2026-05-22 03:38:14'),
(8, '7894900010084', 'Coca-Cola Original Lata 350ml', 1, 'UN', '8.00', 1, '2026-01-01 12:00:00', '2026-05-22 03:38:14'),
(9, '7891000100091', 'Agua Crystal Sem Gas 500ml', 2, 'UN', '8.00', 1, '2026-01-01 12:00:00', '2026-05-22 03:38:14'),
(10, '7891000100107', 'Agua Crystal Com Gas 500ml', 2, 'UN', '9.00', 1, '2026-01-01 12:00:00', '2026-05-22 03:38:14'),
(11, '7891000100114', 'Agua Bonafont 500ml', 2, 'UN', '8.00', 1, '2026-01-01 12:00:00', '2026-06-09 22:54:14'),
(12, '7891000100121', 'Agua Minalba 510ml', 2, 'UN', '8.00', 1, '2026-01-01 12:00:00', '2026-05-22 03:38:14'),
(13, '7891000100138', 'Agua Sao Lourenco Com Gas 300ml', 2, 'UN', '10.00', 1, '2026-01-01 12:00:00', '2026-05-22 03:38:14'),
(14, '7892840810011', 'Del Valle Uva 290ml', 3, 'UN', '10.00', 1, '2026-01-01 12:00:00', '2026-05-22 03:38:14'),
(15, '7892840810028', 'Del Valle Pessego 290ml', 3, 'UN', '10.00', 1, '2026-01-01 12:00:00', '2026-05-22 03:38:14'),
(16, '7892840810035', 'Del Valle Manga 290ml', 3, 'UN', '10.00', 1, '2026-01-01 12:00:00', '2026-05-22 03:38:14'),
(17, '7892840810042', 'Natural One Laranja 300ml', 3, 'UN', '14.00', 1, '2026-01-01 12:00:00', '2026-05-22 03:38:14'),
(18, '7892840810059', 'Natural One Uva 300ml', 3, 'UN', '14.00', 1, '2026-01-01 12:00:00', '2026-05-22 03:38:14'),
(19, '7891000200197', 'KitKat Ao Leite', 4, 'UN', '9.00', 1, '2026-01-01 12:00:00', '2026-05-22 03:38:14'),
(20, '7891000200203', 'KitKat Branco', 4, 'UN', '9.00', 1, '2026-01-01 12:00:00', '2026-05-22 03:38:14'),
(21, '7891000200210', 'Bis Xtra Chocolate', 4, 'UN', '8.00', 1, '2026-01-01 12:00:00', '2026-05-22 03:38:14'),
(22, '7891000200227', 'Twix Chocolate', 4, 'UN', '9.00', 1, '2026-01-01 12:00:00', '2026-05-22 03:38:14'),
(23, '7891000200234', 'Snickers Chocolate', 4, 'UN', '9.00', 1, '2026-01-01 12:00:00', '2026-05-22 03:38:14'),
(24, '7891000200241', 'M&M Chocolate', 4, 'UN', '12.00', 1, '2026-01-01 12:00:00', '2026-05-22 03:38:14'),
(25, '7891000200258', 'M&M Amendoim', 4, 'UN', '12.00', 1, '2026-01-01 12:00:00', '2026-05-22 03:38:14'),
(26, '7891000200265', 'Lacta Ao Leite 90g', 4, 'UN', '11.00', 1, '2026-01-01 12:00:00', '2026-05-22 03:38:14'),
(27, '7891000200272', 'Hersheys Cookies n Creme', 4, 'UN', '10.00', 1, '2026-01-01 12:00:00', '2026-05-22 03:38:14'),
(28, '7891000200289', 'Kinder Bueno', 4, 'UN', '13.00', 1, '2026-01-01 12:00:00', '2026-05-22 03:38:14'),
(29, '7891000300292', 'Doritos Queijo Nacho 84g', 5, 'UN', '16.00', 1, '2026-01-01 12:00:00', '2026-05-22 03:38:14'),
(30, '7891000300308', 'Doritos Sweet Chili 84g', 5, 'UN', '16.00', 1, '2026-01-01 12:00:00', '2026-05-22 03:38:14'),
(31, '7891000300315', 'Ruffles Original 76g', 5, 'UN', '15.00', 1, '2026-01-01 12:00:00', '2026-05-22 03:38:14'),
(32, '7891000300322', 'Cheetos Requeijao 76g', 5, 'UN', '12.00', 1, '2026-01-01 12:00:00', '2026-05-22 03:38:14'),
(33, '7891000300339', 'Fandangos Presunto 59g', 5, 'UN', '11.00', 1, '2026-01-01 12:00:00', '2026-05-22 03:38:14'),
(34, '7891000300346', 'Tostitos Salsa 90g', 5, 'UN', '18.00', 1, '2026-01-01 12:00:00', '2026-05-22 03:38:14'),
(35, '7891000300353', 'Amendoim Japones Dori', 5, 'UN', '10.00', 1, '2026-01-01 12:00:00', '2026-05-22 03:38:14'),
(36, '7891000300360', 'Pringles Original', 5, 'UN', '22.00', 1, '2026-01-01 12:00:00', '2026-05-22 03:38:14'),
(37, '7891000400373', 'Pipoca Salgada P', 6, 'UN', '27.00', 1, '2026-01-01 12:00:00', '2026-05-22 03:38:14'),
(38, '7891000400380', 'Pipoca Salgada M', 6, 'UN', '32.00', 1, '2026-01-01 12:00:00', '2026-05-22 03:38:14'),
(39, '7891000400397', 'Pipoca Salgada G', 6, 'UN', '35.00', 1, '2026-01-01 12:00:00', '2026-05-22 03:38:14'),
(40, '7891000400403', 'Pipoca Doce P', 6, 'UN', '31.00', 1, '2026-01-01 12:00:00', '2026-05-22 03:38:14'),
(41, '7891000400410', 'Pipoca Doce M', 6, 'UN', '36.00', 1, '2026-01-01 12:00:00', '2026-05-22 03:38:14'),
(42, '7891000400427', 'Pipoca Doce G', 6, 'UN', '40.00', 1, '2026-01-01 12:00:00', '2026-05-22 03:38:14'),
(43, '7891000400434', 'Pipoca Balde Salgada', 6, 'UN', '39.00', 1, '2026-01-01 12:00:00', '2026-05-22 03:38:14'),
(44, '7891000400441', 'Pipoca Balde Doce', 6, 'UN', '44.00', 1, '2026-01-01 12:00:00', '2026-05-22 03:38:14'),
(45, '7891000500450', 'Magnum Classico', 7, 'UN', '18.00', 1, '2026-01-01 12:00:00', '2026-05-22 03:38:14'),
(46, '7891000500467', 'Magnum Branco', 7, 'UN', '18.00', 1, '2026-01-01 12:00:00', '2026-05-22 03:38:14'),
(47, '7891000500474', 'Cornetto Chocolate', 7, 'UN', '15.00', 1, '2026-01-01 12:00:00', '2026-05-22 03:38:14'),
(48, '7891000500481', 'Cornetto Morango', 7, 'UN', '15.00', 1, '2026-01-01 12:00:00', '2026-05-22 03:38:14'),
(49, '7891000500498', 'Picole Fruttare Limao', 7, 'UN', '9.00', 1, '2026-01-01 12:00:00', '2026-05-22 03:38:14'),
(50, '7891000500504', 'Picole Fruttare Uva', 7, 'UN', '9.00', 1, '2026-01-01 12:00:00', '2026-05-22 03:38:14'),
(51, '7891000600511', 'Batata Congelada McCain 2kg', 8, 'KG', '38.00', 1, '2026-01-01 12:00:00', '2026-06-02 22:32:39'),
(52, '7891000600528', 'Nuggets Sadia 1kg', 8, 'KG', '32.00', 1, '2026-01-01 12:00:00', '2026-06-02 22:32:39'),
(53, '7891000600535', 'Hamburguer Bovino Seara 1kg', 8, 'KG', '42.00', 1, '2026-01-01 12:00:00', '2026-06-02 22:32:39'),
(54, '7891000600542', 'Queijo Mussarela Fatiado', 8, 'KG', '45.00', 1, '2026-01-01 12:00:00', '2026-06-02 22:32:39'),
(55, '7891000600559', 'Pao de Queijo Congelado', 8, 'KG', '28.00', 1, '2026-01-01 12:00:00', '2026-06-02 22:32:39'),
(56, '7891000700566', 'Espumante Salton Brut', 9, 'UN', '95.00', 1, '2026-01-01 12:00:00', '2026-06-02 22:32:39'),
(57, '7891000700573', 'Vinho Miolo Tinto', 9, 'UN', '89.00', 1, '2026-01-01 12:00:00', '2026-06-02 22:32:39'),
(58, '7891000700580', 'Castanha de Caju Premium', 9, 'UN', '35.00', 1, '2026-01-01 12:00:00', '2026-06-02 22:32:39'),
(59, '7891000700597', 'Mix de Nuts Premium', 9, 'UN', '42.00', 1, '2026-01-01 12:00:00', '2026-06-02 22:32:39'),
(60, '7891000700603', 'Chocolate Lindt Excellence', 9, 'UN', '32.00', 1, '2026-01-01 12:00:00', '2026-06-02 22:32:39'),
(61, '7891000700610', 'Agua Perrier 330ml', 9, 'UN', '22.00', 1, '2026-01-01 12:00:00', '2026-06-02 22:32:39'),
(62, '7891000700627', 'Red Bull Energy Drink', 9, 'UN', '18.00', 1, '2026-01-01 12:00:00', '2026-06-02 22:32:39'),
(63, '7891000800634', 'Detergente Ype Neutro', 10, 'UN', '8.00', 1, '2026-01-01 12:00:00', '2026-05-22 23:55:48'),
(64, '7891000800641', 'Agua Sanitaria Qboa 1L', 10, 'UN', '9.00', 1, '2026-01-01 12:00:00', '2026-05-22 12:40:46'),
(65, '7891000800658', 'Desinfetante Pinho Sol 1L', 10, 'UN', '14.00', 1, '2026-01-01 12:00:00', '2026-06-02 22:32:39'),
(66, '7891000800665', 'Alcool 70% 1L', 10, 'UN', '15.00', 1, '2026-01-01 12:00:00', '2026-06-02 22:32:39'),
(67, '7891000800672', 'Sabao em Po Omo 1kg', 10, 'UN', '22.00', 1, '2026-01-01 12:00:00', '2026-06-02 22:32:39'),
(68, '7891000800689', 'Veja Multiuso 500ml', 10, 'UN', '12.00', 1, '2026-01-01 12:00:00', '2026-06-02 22:32:39'),
(69, '7891000800696', 'Luva Descartavel Caixa', 10, 'CX', '35.00', 1, '2026-01-01 12:00:00', '2026-06-02 22:32:39'),
(70, '7891000800702', 'Saco de Lixo 100L', 10, 'PCT', '45.00', 1, '2026-01-01 12:00:00', '2026-06-02 22:32:39'),
(71, '7891000800719', 'Pano Multiuso', 10, 'PCT', '10.00', 1, '2026-01-01 12:00:00', '2026-05-22 03:38:14'),
(72, '7891000800726', 'Papel Toalha Interfolha', 10, 'PCT', '18.00', 1, '2026-01-01 12:00:00', '2026-06-16 18:09:45'),
(73, '7891000900733', 'Copo Descartavel 500ml', 11, 'PCT', '20.00', 1, '2026-01-01 12:00:00', '2026-05-22 03:38:14'),
(74, '7891000900740', 'Tampa Copo 500ml', 11, 'PCT', '12.00', 1, '2026-01-01 12:00:00', '2026-05-22 03:38:14'),
(75, '7891000900757', 'Canudo Biodegradavel', 11, 'PCT', '10.00', 1, '2026-01-01 12:00:00', '2026-05-22 03:38:14'),
(76, '7891000900764', 'Guardanapo Papel', 11, 'PCT', '8.00', 1, '2026-01-01 12:00:00', '2026-05-22 03:38:14'),
(77, '7891000900771', 'Colher Descartavel', 11, 'PCT', '9.00', 1, '2026-01-01 12:00:00', '2026-05-22 03:38:14'),
(78, '7891001000786', 'Balde Mario Bros', 12, 'UN', '89.00', 1, '2026-01-01 12:00:00', '2026-05-22 03:38:14'),
(79, '7891001000793', 'Copo Mario Bros', 12, 'UN', '49.00', 1, '2026-01-01 12:00:00', '2026-05-22 03:38:14'),
(80, '7891001000809', 'Balde Stitch', 12, 'UN', '99.00', 1, '2026-01-01 12:00:00', '2026-05-22 03:38:14'),
(81, '7891001000816', 'Copo Stitch', 12, 'UN', '59.00', 1, '2026-01-01 12:00:00', '2026-05-22 03:38:14'),
(82, '7891001000823', 'Balde Minecraft', 12, 'UN', '89.00', 1, '2026-01-01 12:00:00', '2026-05-26 20:31:58'),
(83, '7891001000830', 'Copo Minecraft', 12, 'UN', '49.00', 1, '2026-01-01 12:00:00', '2026-05-22 03:38:14'),
(84, '7891001000847', 'Chaveiro Sonic', 12, 'UN', '25.00', 1, '2026-01-01 12:00:00', '2026-05-22 03:38:14'),
(85, '7891001100854', 'Caixa Pipoca P', 13, 'UN', '2.00', 1, '2026-01-01 12:00:00', '2026-06-02 22:11:24'),
(86, '7891001100861', 'Caixa Pipoca M', 13, 'UN', '3.00', 1, '2026-01-01 12:00:00', '2026-06-02 22:10:53'),
(87, '7891001100878', 'Caixa Pipoca G', 13, 'UN', '4.00', 1, '2026-01-01 12:00:00', '2026-06-02 22:10:30'),
(88, '7891001100885', 'Balde Pipoca Papel', 13, 'UN', '5.00', 1, '2026-01-01 12:00:00', '2026-05-22 03:38:14'),
(89, '7891001100892', 'Sacola Delivery', 13, 'UN', '1.50', 1, '2026-01-01 12:00:00', '2026-05-22 03:38:14'),
(90, '7891001100908', 'Caixa Hot Dog', 13, 'UN', '2.50', 1, '2026-01-01 12:00:00', '2026-05-22 03:38:14'),
(91, '7891001200915', 'Bobina Termica Caixa', 14, 'UN', '10.00', 1, '2026-01-01 12:00:00', '2026-05-22 03:38:14'),
(92, '7891001200922', 'Papel Impressora A4', 14, 'UN', '30.00', 1, '2026-01-01 12:00:00', '2026-05-22 03:38:14'),
(93, '7891001200939', 'Etiqueta Codigo de Barras', 14, 'UN', '15.00', 1, '2026-01-01 12:00:00', '2026-05-22 03:38:14'),
(94, '7891001200946', 'Fita Adesiva Transparente', 14, 'UN', '8.00', 1, '2026-01-01 12:00:00', '2026-05-22 03:38:14'),
(95, '7891001200953', 'Caneta Bic Azul', 14, 'UN', '3.00', 1, '2026-01-01 12:00:00', '2026-06-07 02:39:17'),
(96, '7891001200960', 'Prancheta Plastica', 14, 'UN', '18.00', 1, '2026-01-01 12:00:00', '2026-05-22 03:38:14'),
(97, '7891001200977', 'Lacre Plastico Numerado', 14, 'PCT', '25.00', 1, '2026-01-01 12:00:00', '2026-05-22 03:38:14'),
(98, '7891001200984', 'Etiqueta Validade', 14, 'PCT', '12.00', 1, '2026-01-01 12:00:00', '2026-05-22 03:38:14'),
(99, '7891001200991', 'Marcador Permanente', 14, 'UN', '7.00', 1, '2026-01-01 12:00:00', '2026-05-22 03:38:14'),
(100, '7891001201004', 'Pasta Arquivo', 14, 'UN', '6.00', 1, '2026-01-01 12:00:00', '2026-05-22 03:38:14'),
(101, '7897254111322', 'aqua fluid', 14, 'un', '2.00', 1, '2026-05-22 23:38:05', '2026-06-16 19:49:49'),
(102, '7896102000122', 'Ketchup', 15, 'un', '10.00', 1, '2026-06-04 22:30:40', '2026-06-04 23:08:06');

DROP TABLE IF EXISTS `usuarios`;
CREATE TABLE `usuarios` (
  `id` int(11) NOT NULL AUTO_INCREMENT,
  `matricula` varchar(20) NOT NULL,
  `nome` varchar(100) NOT NULL,
  `email` varchar(150) DEFAULT NULL,
  `senha_hash` varchar(255) NOT NULL,
  `tipo` enum('master','admin','operador') NOT NULL DEFAULT 'operador',
  `ativo` tinyint(1) DEFAULT 1,
  `criado_em` datetime DEFAULT current_timestamp(),
  `atualizado_em` datetime DEFAULT current_timestamp() ON UPDATE current_timestamp(),
  `senha_atualizada_em` datetime DEFAULT NULL,
  `precisa_trocar_senha` tinyint(1) DEFAULT 0,
  `theme_preference` varchar(10) NOT NULL DEFAULT 'light',
  PRIMARY KEY (`id`),
  UNIQUE KEY `matricula` (`matricula`),
  KEY `idx_usuarios_matricula` (`matricula`)
) ENGINE=InnoDB AUTO_INCREMENT=12 DEFAULT CHARSET=utf8mb4 COLLATE=utf8mb4_general_ci;

INSERT INTO `usuarios` (`id`, `matricula`, `nome`, `email`, `senha_hash`, `tipo`, `ativo`, `criado_em`, `atualizado_em`, `senha_atualizada_em`, `precisa_trocar_senha`, `theme_preference`) VALUES
(1, '0101', 'TI', 'almeidalima.jvictor@gmail.com', '$2b$10$gGFwJe1Ar0F9byIoXIXKMuY29/dwEHLXndjEkO1uAIxTBQXqpWlu6', 'master', 1, '2026-05-22 03:31:54', '2026-06-16 19:15:05', '2026-05-22 03:31:54', 0, 'light'),
(2, '1053', 'João Victor', NULL, '$2b$10$AOOAt2rsFepvU.meyflzhuDSGfwBeuY10Pkp5O.DT/PuJRNj8FKVe', 'admin', 1, '2026-05-22 03:32:37', '2026-06-16 19:31:25', '2026-06-11 03:32:37', 0, 'dark'),
(3, '9890', 'Derci', NULL, '$2b$10$WAXKMvxUVmByvUgv37zsFuckt87GiSd/7xamL7N/Am8ZNnk8ipAJm', 'admin', 1, '2026-05-22 03:32:54', '2026-06-16 19:15:05', '2026-05-22 03:32:54', 0, 'light'),
(4, '9897', 'Erica', NULL, '$2b$10$xIIYJJJFGRhBbbSMBGyr7uqdpERMDDdA/YKTXiw4K5xGbGExDRmPS', 'admin', 1, '2026-05-22 03:33:08', '2026-06-16 19:15:05', '2026-05-22 03:33:08', 1, 'light'),
(5, '1456', 'Juliane', NULL, '$2b$10$j7FZ.mL.o9NDgl2kniGOz.9wwx6rJRuSY6TJhLnQeTF5JBcoOOaae', 'admin', 1, '2026-05-22 03:33:20', '2026-06-16 19:54:51', '2026-06-16 19:54:51', 0, 'light'),
(6, '9898', 'Mylena', NULL, '$2b$10$K6kky/weX2dh1vsOC.4bGuBNnzBohYUsz9PJo1Cnz8s6tvdA0fX9.', 'admin', 1, '2026-05-22 03:33:30', '2026-06-16 19:15:40', '2026-06-16 19:15:40', 1, 'light'),
(7, '4545', 'Julio', NULL, '$2b$10$ao8c1mCPfHAuE0MdhWtykuicYLKxCL0je9bJRhkq1jz1mqnjXjHs.', 'operador', 1, '2026-05-22 03:33:45', '2026-06-16 19:49:40', '2026-06-16 19:49:40', 0, 'light'),
(8, '8484', 'Natalia', NULL, '$2b$10$EM0RBLh.iE2ZFxHMWc6/FutPTHvbVubBhYpJA8U8/8c0Ems4nukD.', 'operador', 1, '2026-05-22 03:33:55', '2026-06-16 19:15:05', '2026-05-22 03:33:55', 1, 'light'),
(9, '8989', 'Rhuam', NULL, '$2b$10$pAsdYd4rWVCsDpmXpWvlquOmNfDjNRQq69.NLshRJgtLsMLDGAl2O', 'operador', 1, '2026-05-22 03:34:10', '2026-06-16 19:15:05', '2026-05-22 03:34:10', 1, 'light'),
(10, '4541', 'Jose', NULL, '$2b$10$.j9S77YS9NfY2L27eFwT7.4h.92AF.8/v.Y1ACwS5Qh9ND6sKUyS2', 'operador', 1, '2026-05-22 03:34:19', '2026-06-16 19:15:05', '2026-05-22 03:34:19', 1, 'light'),
(11, '5945', 'Liz', NULL, '$2b$10$FYSfeFtyEJdXN/6Rs9hN4eh3.2g4wThJ0atCFTYJ6VoiHLbrHLXES', 'operador', 1, '2026-05-22 03:34:49', '2026-06-16 19:15:05', '2026-05-22 03:34:49', 1, 'light');

SET FOREIGN_KEY_CHECKS = 1;
